<?xml version="1.0" encoding="UTF-8"?>
<monster name="Fish" nameDescription="a fish" race="blood" experience="0" speed="560" manacost="0">
	<health now="25" max="25"/>
	<look type="455" corpse="2667"/>
	<targetchange interval="2000" chance="50"/>
	<strategy attack="100" defense="0"/>
	<flags>
		<flag summonable="0"/>
		<flag attackable="1"/>
		<flag hostile="1"/>
		<flag illusionable="0"/>
		<flag convinceable="0"/>
		<flag pushable="1"/>
		<flag canpushitems="0"/>
		<flag canpushcreatures="1"/>
		<flag targetdistance="0"/>
		<flag runonhealth="25"/>
	</flags>
	<immunities>
		<immunity fire="1" />
		<immunity earth="1" />
		<immunity invisible="1"/>
		<immunity drown="1"/>
	</immunities>
	<voices interval="3000" chance="200">
		<voice sentence="Blib!"/>
		<voice sentence="Blub!"/>
	</voices>
</monster>
