<?xml version="1.0" encoding="UTF-8"?>
<monster name="Manta Ray" nameDescription="a manta ray" race="blood" experience="125" speed="560" manacost="0">
	<health now="680" max="680"/>
	<look type="449" corpse="15276"/>
	<targetchange interval="2000" chance="50"/>
	<strategy attack="100" defense="0"/>
	<flags>
		<flag summonable="0"/>
		<flag attackable="1"/>
		<flag hostile="1"/>
		<flag illusionable="0"/>
		<flag convinceable="0"/>
		<flag pushable="1"/>
		<flag canpushitems="0"/>
		<flag canpushcreatures="1"/>
		<flag targetdistance="0"/>
		<flag runonhealth="0"/>
	</flags>
	<attacks>
		<attack name="melee" interval="2000" skill="34" attack="45"/>
	</attacks>
	<defenses armor="12" defense="20"/>
	<immunities>
		<immunity earth="1"/>
		<immunity fire="1"/>
		<immunity invisible="1"/>
		<immunity drown="1"/>
	</immunities>
	<voices interval="3000" chance="200">
		<voice sentence="Flap flap flap!"/>
	</voices>
	<elements>
		<element icePercent="-1"/>
		<element physicalPercent="-1"/>
		<element energyPercent="1"/>
	</elements>
	<loot>
		<item id="2148" countmax="38" chance="50000"/> <!-- gold coin -->
	</loot>
</monster>