<?xml version="1.0" encoding="UTF-8"?>
<monster name="Northern Pike" nameDescription="a northern pike" race="blood" experience="0" speed="560" manacost="0">
	<health now="95" max="95"/>
	<look type="454" corpse="2669"/>
	<targetchange interval="2000" chance="50"/>
	<strategy attack="100" defense="0"/>
	<flags>
		<flag summonable="0"/>
		<flag attackable="1"/>
		<flag hostile="1"/>
		<flag illusionable="0"/>
		<flag convinceable="0"/>
		<flag pushable="1"/>
		<flag canpushitems="1"/>
		<flag canpushcreatures="1"/>
		<flag targetdistance="0"/>
		<flag runonhealth="95"/>
	</flags>
	<immunities>
		<immunity earth="1"/>
		<immunity fire="1"/>
		<immunity invisible="1"/>
		<immunity drown="1"/>
	</immunities>
	<voices interval="3000" chance="200">
		<voice sentence="Blub!"/>
	</voices>
</monster>
