<?xml version="1.0" encoding="UTF-8"?>
<monster name="Glitterscale" nameDescription="glitterscale" race="blood" experience="700" speed="180" manacost="0">
	<health now="1000" max="1000"/>
	<look type="34" corpse="5973"/>
	<targetchange interval="2000" chance="10"/>
	<strategy attack="100" defense="0"/>
	<flags>
		<flag summonable="0"/>
		<flag attackable="1"/>
		<flag hostile="1"/>
		<flag illusionable="1"/>
		<flag convinceable="0"/>
		<flag pushable="0"/>
		<flag canpushitems="1"/>
		<flag canpushcreatures="1"/>
		<flag targetdistance="1"/>
		<flag staticattack="90"/>
		<flag runonhealth="300"/>
	</flags>
	<attacks>
		<attack name="melee" interval="2000" skill="50" attack="40"/>
		<attack name="fire" interval="2000" chance="8" length="8" spread="3" min="-90" max="-180">
			<attribute key="areaEffect" value="firearea"/>
		</attack>
		<attack name="fire" interval="2000" chance="12" range="7" radius="4" target="1" min="-70" max="-120">
			<attribute key="shootEffect" value="fire"/>
			<attribute key="areaEffect" value="firearea"/>
		</attack>
	</attacks>
	<defenses armor="25" defense="18"/>
	<elements>
		<element earthPercent="80"/>
		<element energyPercent="20"/>
		<element icePercent="-10"/>
	</elements>
	<immunities>
		<immunity fire="1"/>
		<immunity paralyze="1"/>
		<immunity invisible="1"/>
	</immunities>
</monster>