<?xml version="1.0" encoding="UTF-8"?>
<monster name="Hairman The Huge" nameDescription="hairman the huge" race="blood" experience="335" speed="230" manacost="0">
	<health now="600" max="600"/>
	<look type="116" head="20" body="30" legs="40" feet="50" corpse="6043"/>
	<targetchange interval="5000" chance="14"/>
	<strategy attack="100" defense="0"/>
	<flags>
		<flag summonable="0"/>
		<flag attackable="1"/>
		<flag hostile="1"/>
		<flag illusionable="1"/>
		<flag convinceable="0"/>
		<flag pushable="0"/>
		<flag canpushitems="1"/>
		<flag canpushcreatures="1"/>
		<flag targetdistance="1"/>
		<flag staticattack="90"/>
		<flag runonhealth="0"/>
	</flags>
	<attacks>
		<attack name="melee" interval="2000" skill="45" attack="40"/>
	</attacks>
	<defenses armor="20" defense="25">
		<defense name="speed" interval="1000" chance="7" speedchange="260" duration="3000">
			<attribute key="areaEffect" value="redshimmer"/>
		</defense>
	</defenses>
	<elements>
		<element physicalPercent="10"/>
		<element firePercent="20"/>
		<element earthPercent="20"/>
		<element energyPercent="5"/>
		<element icePercent="-10"/>
		<element deathPercent="-10"/>
	</elements>
	<immunities>
		<immunity invisible="1"/>
	</immunities>
	<voices interval="5000" chance="10">
		<voice sentence="Hugah!"/>
		<voice sentence="Ungh! Ungh!"/>
		<voice sentence="Huaauaauaauaa!"/>
	</voices>
	<loot>
		<item id="2148" chance="50000" countmax="60"/><!-- gold coin -->
		<item id="5883" chance="2500" /><!-- ape fur -->
		<item id="2676" chance="7500" countmax="2"/><!-- banana -->
		<item id="2200" chance="3000"/><!-- protection amulet -->
		<item id="2166" chance="7500"/><!-- power ring -->
		<item id="2463" chance="5000"/><!-- plate armor -->
	</loot>
</monster>
