<?xml version="1.0" encoding="UTF-8"?>
<monster name="Obujos" nameDescription="a obujos" race="blood" experience="25000" speed="560" manacost="0">
	<health now="90000" max="90000"/>
	<look type="445" corpse="15224"/>
	<targetchange interval="2000" chance="50"/>
	<strategy attack="100" defense="0"/>
	<flags>
		<flag summonable="0"/>
		<flag attackable="1"/>
		<flag hostile="1"/>
		<flag illusionable="0"/>
		<flag convinceable="0"/>
		<flag pushable="1"/>
		<flag canpushitems="1"/>
		<flag canpushcreatures="1"/>
		<flag targetdistance="0"/>
		<flag runonhealth="60"/>
	</flags>
	<attacks>
		<attack name="melee" interval="2000" skill="34" attack="45"/>
		<attack name="drown" interval="1000" chance="11" range="5" target="1" min ="-15" max="-100">
			<attribute key="shootEffect" value="spear"/> <!-- TODO: Add spear deepling speed effect? -->
			<attribute key="areaEffect" value="bluebubble"/>
		</attack>
	</attacks>
	<defenses armor="12" defense="20"/>
	<immunities>
		<immunity ice="1" />
		<immunity paralyze="1" />
		<immunity drown="1" />
		<immunity fire="1" />
	</immunities>
	<voices interval="3000" chance="200">
		<voice sentence="JN OBU!!"/>
		<voice sentence="QJELL KEJH!!"/>
	</voices>
	<elements>
		<element earthPercent="-20"/>
		<element energyPercent="-20"/>
		<element physicalPercent="-20"/>
		<element deathPercent="-20"/>
	</elements>
	<loot>
		<item id="15411" chance="100000"/> <!-- depth scutum -->
		<item id="15404" chance="14285"/> <!-- deepling axe -->
		<item id="15412" chance="14285"/> <!-- ornate legs -->
	</loot>
</monster>
