<?xml version="1.0" encoding="UTF-8"?>
<monster name="Stonecracker" nameDescription="stonecracker" race="blood" experience="3500" speed="280" manacost="0">
	<health now="6500" max="6500"/>
	<look type="55" corpse="5999"/>
	<targetchange interval="5000" chance="8"/>
	<strategy attack="100" defense="0"/>
	<flags>
		<flag summonable="0"/>
		<flag attackable="1"/>
		<flag hostile="1"/>
		<flag illusionable="0"/>
		<flag convinceable="0"/>
		<flag pushable="0"/>
		<flag canpushitems="1"/>
		<flag canpushcreatures="1"/>
		<flag targetdistance="1"/>
		<flag staticattack="90"/>
		<flag runonhealth="0"/>
	</flags>
	<attacks>
		<attack name="melee" interval="2000" skill="90" attack="100"/>
		<attack name="physical" interval="2000" chance="20" range="7" min="-200" max="-280">
			<attribute key="shootEffect" value="largerock"/>
		</attack>
	</attacks>
	<defenses armor="40" defense="45">
		<defense name="speed" interval="2000" chance="10" speedchange="360" duration="4000">
			<attribute key="areaEffect" value="redshimmer"/>
		</defense>
		<defense name="healing" interval="2000" chance="10" min="500" max="600">
			<attribute key="areaEffect" value="blueshimmer"/>
		</defense>
	</defenses>
	<elements>
		<element earthPercent="85"/>
		<element holyPercent="35"/>
		<element firePercent="40"/>
		<element energyPercent="15"/>
		<element physicalPercent="15"/>
		<element icePercent="-5"/>
	</elements>
	<immunities>
		<immunity paralyze="1"/>
		<immunity invisible="1"/>
	</immunities>
	<voices interval="5000" chance="10">
		<voice sentence="HUAHAHA!"/>
	</voices>
	<loot>
		<item id="2148" countmax="100" chance="76225" /> <!-- gold coin -->
		<item id="5893" chance="64800" /> <!-- perfect behemoth fang -->
		<item id="2666" chance="36200" /> <!-- meat -->
		<item id="5930" chance="50500" /> <!-- behemoth claw -->
		<item id="7368" countmax="2" chance="11225" /> <!-- assassin star -->
		<item id="2489" chance="7650" /> <!-- dark armor -->
		<item id="2553" chance="14800" /> <!-- pick -->
		<item id="2416" chance="14800" /> <!-- crowbar -->
		<item id="2150" countmax="2" chance="7650" /> <!-- small amethyst -->
		<item id="2387" chance="7650" /> <!-- double axe -->
		<item id="2463" chance="7650" /> <!-- plate armor -->
	</loot>
</monster>
