<?xml version="1.0" encoding="UTF-8"?>
<monster name="Tanjis" nameDescription="a tanjis" race="blood" experience="14500" speed="560" manacost="0">
	<health now="17350" max="17350"/>
	<look type="446" corpse="15228"/>
	<targetchange interval="2000" chance="50"/>
	<strategy attack="100" defense="0"/>
	<flags>
		<flag summonable="0"/>
		<flag attackable="1"/>
		<flag hostile="1"/>
		<flag illusionable="0"/>
		<flag convinceable="0"/>
		<flag pushable="1"/>
		<flag canpushitems="1"/>
		<flag canpushcreatures="1"/>
		<flag targetdistance="0"/>
		<flag runonhealth="60"/>
	</flags>
	<attacks>
		<attack name="melee" interval="2000" skill="34" attack="45"/>
		<attack name="drown" interval="1000" chance="11" range="5" target="1" min ="-15" max="-100">
			<attribute key="shootEffect" value="spear"/> <!-- TODO: Add spear deepling speed effect? -->
			<attribute key="areaEffect" value="bluebubble"/>
		</attack>
	</attacks>
	<defenses armor="12" defense="20"/>
	<immunities>
		<immunity ice="1" />
		<immunity paralyze="1" />
		<immunity drown="1" />
		<immunity fire="1" />
	</immunities>
	<voices interval="3000" chance="200">
		<voice sentence="JAUL QJELL, JAKNH JEH KENH!!"/>
	</voices>
	<elements>
		<element earthPercent="-20"/>
		<element energyPercent="-20"/>
		<element physicalPercent="-20"/>
		<element deathPercent="-20"/>
	</elements>
	<loot>
		<item id="15409" chance="50000"/> <!-- depth ocrea -->
		<item id="15414" chance="25000"/> <!-- ornate mace -->
		<item id="15413" chance="20000"/> <!-- ornate shield -->
	</loot>
</monster>
