<?xml version="1.0" encoding="UTF-8"?>
<monster name="The Bloodweb" nameDescription="the bloodweb" race="undead" experience="900" speed="340" manacost="0">
	<health now="1250" max="1250"/>
	<look type="263" corpse="7344"/>
	<targetchange speed="20000" chance="8"/>
	<strategy attack="100" defense="0"/>
	<flags>
		<flag summonable="0"/>
		<flag attackable="1"/>
		<flag hostile="1"/>
		<flag illusionable="1"/>
		<flag convinceable="0"/>
		<flag pushable="0"/>
		<flag canpushitems="1"/>
		<flag staticattack="60"/>
		<flag lightlevel="0"/>
		<flag lightcolor="0"/>
		<flag targetdistance="1"/>
		<flag runonhealth="0"/>
	</flags>
	<attacks>
		<attack name="melee" interval="2000" skill="40" attack="100" poison="8"/>
		<attack name="speed" interval="2000" chance="20" range="7" radius="7" target="0" speedchange="-850" duration="8000">
		<attribute key="areaEffect" value="poff"/>
		</attack>
		<attack name="energy" interval="1000" chance="25" range="7" target="1" min="-60" max="-150">
			<attribute key="shootEffect" value="energy"/>
			<attribute key="areaEffect" value="energy"/>
		</attack>
	</attacks>
	<defenses armor="25" defense="20">
		<defense name="speed" interval="3000" chance="40" speedchange="380" duration="80000">
			<attribute key="areaEffect" value="redshimmer"/>
		</defense>
	</defenses>
	<elements>
		<element firePercent="100"/>
		<element icePercent="100"/>
		<element earthPercent="20"/>
		<element energyPercent="-20"/>
	</elements>
	<immunities>
		<immunity paralyze="1"/>
		<immunity outfit="1"/>
		<immunity drunk="1"/>
		<immunity invisible="1"/>
	</immunities>
	<voices interval="2000" chance="5">
		<voice sentence="Screeech!"/>
	</voices>
	<loot>
		<item id="2463" chance="100000"/><!-- ice cube -->
		<item id="7364" countmax="9" chance="100000"/><!-- platinum coin -->
		<item id="7589" chance="100000"/><!-- strong mana potion -->
		<item id="5879" chance="50000"/><!-- spider silk-->
		<item id="7902" chance="33333"/><!-- glacier mask -->
		<item id="7896" chance="33333"/><!-- glacier kilt -->
		<item id="11306" chance="20000"/><!-- sais -->
		<item id="7437" chance="20000"/><!-- sapphire hammer -->
		<item id="5801" chance="7692"/><!-- jewelled backpack -->
		<item id="2476" chance="7692"/><!-- knight armor -->
		<item id="2477" chance="5555"/><!-- knight legs -->
		<item id="7290" chance="3703"/><!-- shard -->
		<item id="2169" chance="3703"/><!-- time ring -->
		<item id="6578" chance="1886"/><!-- party hat -->
	</loot>
</monster>
