<?xml version="1.0" encoding="UTF-8"?>
<monster name="Tirecz" nameDescription="Tirecz" race="blood" experience="6000" speed="220" manacost="0">
<health now="25000" max="25000"/>
<look type="334" corpse="11103"/>
<targetchange interval="5000" chance="8"/>
<strategy attack="100" defense="0"/>
<flags>
<flag summonable="0"/>
<flag attackable="1"/>
<flag hostile="1"/>
<flag illusionable="1"/>
<flag convinceable="0"/>
<flag pushable="0"/>
<flag canpushitems="1"/>
<flag canpushcreatures="0"/>
<flag targetdistance="1"/>
<flag staticattack="90"/>
<flag runonhealth="0"/>
</flags>
<script> 
   <event name="tirecz"/>
     </script>
<attacks>
<attack name="melee" interval="2000" skill="72" attack="100"/>
<attack name="invisible" interval="2000" chance="25" range="7" radius="1" target="1">
<attribute key="shootEffect" value="fire"/>
<attribute key="areaEffect" value="firearea"/>
</attack>
<attack name="fire" interval="2000" chance="25" lenght="8" spread="3" min="-120" max="-460">
<attribute key="shootEffect" value="fire"/>
<attribute key="areaEffect" value="firearea"/>
</attack>
<attack name="physical" interval="2000" chance="10" radius="3" target="0" min="-0" max="-290">
<attribute key="areaEffect" value="yellowspark"/>
</attack>
<attack name="energy" interval="3000" chance="30" length="8" spread="0" min="-80" max="-345">
<attribute key="areaEffect" value="energy"/>
</attack>
<attack name="physical" interval="2000" chance="15" radius="7" target="0" min="-200" max="-370">
<attribute key="areaEffect" value="redspark"/>
</attack>
</attacks>
<defenses armor="16" defense="19"/>
<elements>
<element physicalPercent="10"/>
<element holyPercent="30"/>
<element deathPercent="20"/>
<element energyPercent="30"/>
<element icePercent="30"/>
<element earthPercent="30"/>
<element firePercent="50"/>
</elements>
<immunities>
     <immunity paralyze="1"/>
     <immunity invisible="1"/>
</immunities>
<voices interval="5000" chance="10">
<voice sentence="Hissss!"/>
</voices>
</monster>