<?xml version="1.0" encoding="UTF-8"?>
<monster name="Ushuriel" nameDescription="ushuriel" race="fire" experience="10000" speed="350" manacost="0">
	<health now="50000" max="50000"/>
	<look type="12" head="0" body="95" legs="19" feet="112" corpse="6068"/>
	<targetchange interval="5000" chance="8"/>
	<strategy attack="100" defense="0"/>
	<flags>
		<flag summonable="0"/>
		<flag attackable="1"/>
		<flag hostile="1"/>
		<flag illusionable="0"/>
		<flag convinceable="0"/>
		<flag pushable="0"/>
		<flag canpushitems="1"/>
		<flag canpushcreatures="1"/>
		<flag targetdistance="1"/>
		<flag staticattack="85"/>
		<flag runonhealth="0"/>
	</flags>
	<attacks>
		<attack name="melee" interval="2000" skill="140" attack="145"/>
		<attack name="physical" interval="1000" chance="10" length="10" spread="0" min="-250" max="-500">
			<attribute key="areaEffect" value="mortarea"/>
		</attack>
		<attack name="death" interval="1000" chance="8" radius="5" target="0" min="-30" max="-760">
			<attribute key="areaEffect" value="mortarea"/>
			<attribute key="shootEffect" value="death"/>
		</attack>
		<attack name="earth" interval="2000" chance="9" length="8" spread="0" min="-200" max="-585">
			<attribute key="areaEffect" value="smallplants"/>
		</attack>
		<attack name="ice" interval="1000" chance="8" target="0" radius="6" min="0" max="-430">
			<attribute key="areaEffect" value="icetornado"/>
		</attack>
		<attack name="drunk" interval="3000" chance="11" radius="6" target="0">
			<attribute key="areaEffect" value="purplenote"/>
		</attack>
		<attack name="energycondition" interval="2000" chance="15" radius="4" target="0" min="-250" max="-250">
			<attribute key="areaEffect" value="energy"/>
		</attack>
	</attacks>
	<defenses armor="50" defense="45">
		<defense name="healing" interval="1000" chance="12" min="400" max="600">
			<attribute key="areaEffect" value="greenshimmer"/>
		</defense>
		<defense name="speed" interval="1000" chance="4" speedchange="400" duration="7000">
			<attribute key="areaEffect" value="blueshimmer"/>
		</defense>
	</defenses>
	<immunities>
		<immunity lifedrain="1"/>
		<immunity paralyze="1"/>
		<immunity invisible="1"/>
	</immunities>
	<loot>
		<item id="6300" chance="7777"/><!-- death ring -->
		<item id="2195" chance="4444"/><!-- boots of haste -->
		<item id="2393" chance="3000"/><!-- giant sword -->
		<item id="2432" chance="5555"/><!-- fire axe -->
		<item id="2402" chance="10000"/><!-- silver dagger -->
		<item id="2477" chance="6666"/><!-- knight legs -->
		<item id="2164" chance="7300"/><!-- might ring -->
		<item id="2150" countmax="17" chance="6000"/><!-- small amethyst -->
		<item id="2462" chance="9700"/><!-- devil helmet -->
		<item id="7591" chance="17000"/><!-- great health potion -->
		<item id="7591" chance="9000"/><!-- great health potion -->
		<item id="2149" countmax="6" chance="4388"/><!-- small emerald -->
		<item id="2396" chance="6666"/><!-- ice rapier -->
		<item id="2158" chance="4444"/><!-- blue gem -->
		<item id="2470" chance="6500"/><!-- golden legs -->
		<item id="2520" chance="9999"/><!-- demon shield -->
	</loot>
</monster>
