<?xml version="1.0" encoding="UTF-8"?>
<monster name="Fire Overlord" nameDescription="a fire overlord" race="fire" experience="2800" speed="300" manacost="0">
	<health now="4000" max="4000"/>
	<look type="243" corpse="8964"/>
	<targetchange interval="5000" chance="8"/>
	<strategy attack="100" defense="0"/>
	<flags>
		<flag summonable="0"/>
		<flag attackable="1"/>
		<flag hostile="1"/>
		<flag illusionable="1"/>
		<flag convinceable="0"/>
		<flag pushable="0"/>
		<flag canpushitems="1"/>
		<flag canpushcreatures="1"/>
		<flag targetdistance="1"/>
		<flag staticattack="90"/>
		<flag runonhealth="0"/>
	</flags>
	<attacks>
		<attack name="melee" interval="2000" skill="80" attack="100" fire="650"/>
		<attack name="firefield" interval="2000" chance="15" range="7" radius="4" target="1">
			<attribute key="shootEffect" value="fire"/>
		</attack>
		<attack name="fire" interval="1000" chance="15" length="1" min="-300" max="-900">
			<attribute key="areaEffect" value="fireattack"/>
		</attack>
		<attack name="fire" interval="1000" chance="13" target="1" radius="4" min="-200" max="-350">
			<attribute key="areaEffect" value="firearea"/>
		</attack>
	</attacks>
	<defenses armor="25" defense="25"/>
	<elements>
		<element physicalPercent="1"/>
		<element deathPercent="20"/>
		<element energyPercent="20"/>
		<element earthPercent="80"/>
		<element icePercent="-25"/>
	</elements>
	<immunities>
		<immunity fire="1"/>
	</immunities>
	<loot>
		<item id="8304" chance="100000"/><!-- eternal flames -->
		<item id="10553" chance="100000"/><!-- fiery heart -->
		<item id="2148" countmax="75" chance="50000"/><!-- gold coin -->
		<item id="2152" countmax="3" chance="50000"/><!-- platinum coin -->
		<item id="7899" chance="819"/><!-- magma coat -->
	</loot>
</monster>
