<?xml version="1.0" encoding="UTF-8"?>
<monster name="Tarnished Spirit" nameDescription="a tarnished spirit" race="blood" experience="120" speed="210" manacost="390">
	<health now="150" max="150"/>
	<look type="566" corpse="13525"/>
	<targetchange interval="5000" chance="8"/>
	<strategy attack="100" defense="0"/>
	<flags>
		<flag summonable="0"/>
		<flag attackable="1"/>
		<flag hostile="1"/>
		<flag illusionable="1"/>
		<flag convinceable="1"/>
		<flag pushable="0"/>
		<flag canpushitems="1"/>
		<flag canpushcreatures="0"/>
		<flag targetdistance="0"/>
		<flag staticattack="90"/>
		<flag runonhealth="10"/>
	</flags>
	<attacks>
		<attack name="melee" interval="2000" skill="20" attack="30"/>
		<attack name="physical" interval="1000" chance="10" range="7" min="-5" max="-40">
			<attribute key="shootEffect" value="throwingknife"/>
		</attack>
	</attacks>
	<defenses armor="11" defense="11"/>
	<elements>
		<element physicalPercent="-1"/>
	</elements>
	<loot>
	</loot>
</monster>
