<?xml version="1.0" encoding="UTF-8"?>
<monster name="White Shade" nameDescription="a white shade" race="blood" experience="120" speed="670" manacost="0">
  <health now="260" max="260"/>
  <look type="560" corpse="21367"/>
  <targetchange interval="5000" chance="8"/>
  <strategy attack="90" defense="10"/>
  <flags>
    <flag summonable="0"/>
    <flag attackable="1"/>
    <flag hostile="1"/>
    <flag illusionable="0"/>
    <flag convinceable="0"/>
    <flag pushable="0"/>
    <flag canpushitems="1"/>
    <flag canpushcreatures="1"/>
    <flag targetdistance="1"/>
    <flag staticattack="90"/>
    <flag runonhealth="0"/>
  </flags>
  <attacks>
		<attack name="melee" interval="2000" skill="30" attack="150" poison="5"/>	
		<attack name="poison" interval="1000" chance="12" radius="3" target="0" min="-100" max="-160">
			<attribute key="areaEffect" value="poison"/>
		</attack>
  </attacks>
  <defenses armor="55" defense="55">    
  </defenses>
	<elements>				
		<element physicalPercent="-10"/>
		<element deathPercent="10"/>
		<element energyPercent="10"/>
	</elements>
  <immunities>
    <immunity earth="100"/>
    <immunity lifedrain="0"/>
    <immunity paralyze="0"/>
    <immunity invisible="1"/>
  </immunities> 
	<voices interval="2500" chance="10">
		<voice sentence="Peeex!"/>
	</voices>    
  <loot>

</loot>
</monster>
