<?xml version="1.0" encoding="utf-8"?>
<monster name="Bog Frog" namedescription="a bog frog" race="blood" experience="0" speed="230" manacost="305">
	<health now="25" max="25"/>
	<look type="412" corpse="6079"/>
	<targetchange interval="5000" chance="8"/>
	<strategy attack="100" defense="0"/>
	<flags>
		<flag summonable="0"/>
		<flag attackable="1"/>
		<flag hostile="1"/>
		<flag illusionable="0"/>
		<flag convinceable="0"/>
		<flag pushable="0"/>
		<flag canpushitems="0"/>
		<flag canpushcreatures="0"/>
		<flag staticattack="90"/>
		<flag targetdistance="1"/>
		<flag runonhealth="25"/>
	</flags>
	<attacks>
		<attack name="melee" interval="2000" skill="10" attack="25"/>
	</attacks>
	<defenses armor="8" defense="8"/>
	<elements>
		<element icePercent="22"/>
		<element firePercent="-10"/>
	</elements>
	<voices interval="5000" chance="10">
		<voice sentence="Ribbit! Ribbit!"/>
		<voice sentence="Ribbit!"/>
	</voices>
</monster>
