<?xml version="1.0" encoding="UTF-8"?>
<monster name="Askarak Lord" nameDescription="a askarak lord" race="venom" experience="1200" speed="280" manacost="0">
	<health now="2100" max="2100"/>
	<look type="410" corpse="13956"/>
	<targetchange interval="2000" chance="9"/>
	<strategy attack="100" defense="0"/>
	<flags>
		<flag summonable="0"/>
		<flag attackable="1"/>
		<flag hostile="1"/>
		<flag illusionable="0"/>
		<flag convinceable="0"/>
		<flag pushable="0"/>
		<flag canpushitems="1"/>
		<flag canpushcreatures="1"/>
		<flag targetdistance="1"/>
		<flag staticattack="90"/>
		<flag runonhealth="0"/>
	</flags>
	<attacks>
		<attack name="melee" interval="2000" min="-40" max="-180"/>
		<attack name="Paralyze" interval="2000" chance="10" range="7" min="-0" max="-5"/>
		<attack name="poison" interval="2000" chance="13" length="8" spread="3" min="-10" max="-80">
			<attribute key="areaEffect" value="poison"/>
</attack>
		<attack name="poison" interval="2000" chance="15" range="7" min="-30" max="-180">
			<attribute key="shootEffect" value="poison"/>
			<attribute key="areaEffect" value="poison"/>
</attack>
    <attack name="poisoncondition" interval="3000" chance="18" length="8" spread="3" min="-50" max="-180">
      <attribute key="areaEffect" value="poison"/>
		</attack>
	</attacks>
	<defenses armor="30" defense="30">
		<defense name="healing" interval="2000" chance="10"  min="25" max="160">
			<attribute key="areaEffect" value="blueshimmer"/>
		</defense>
		<defense name="speed" interval="2000" chance="10" speedchange="360" duration="20000">
			<attribute key="areaEffect" value="redshimmer"/>
		</defense>
	</defenses>
	<elements>
		<element energyPercent="50"/>
		<element icePercent="50"/>
		<element firePercent="-10"/>
	</elements>
	<immunities>
		<immunity earth="1"/>
		<immunity paralyze="1"/>
		<immunity invisible="1"/>
	</immunities>
	<voices interval="5000" chance="9">
		<voice sentence="WE RULE!"/>
		<voice sentence="RED IS MAD"/>
	</voices>
	<loot>
		<item id="2148" countmax="100" chance="100000" /><!-- gold coin -->
		<item id="2148" countmax="90" chance="100000" /><!-- gold coin -->
		<item id="2152" countmax="2" chance="33333" /><!-- platinum coin -->
		<item id="7589" chance="7692" /><!-- strong mana potion -->
		<item id="7588" chance="6250" /><!-- strong health potion -->
		<item id="2149" countmax="5" chance="5882" /><!-- small emerald -->
		<item id="2789" countmax="5" chance="5263" /><!-- brown mushroom -->
		<item id="8912" chance="1010" /><!-- springsprout rod -->
		<item id="2167" chance="606" /><!-- energy ring -->
		<item id="7440" chance="606" /><!-- mastermind potion -->
		<item id="5904" chance="303" /><!-- magic sulphur -->
		<item id="7368" countmax="5" chance="100" /><!-- assassin star -->
		<item id="7884" chance="100" /><!-- terra mantle -->
	</loot>
</monster>