<?xml version="1.0" encoding="UTF-8"?>
<monster name="Askarak Demon" nameDescription="a askarak demon" race="venom" experience="900" speed="280" manacost="0">
	<health now="1500" max="1500"/>
	<look type="420" corpse="13815"/>
	<targetchange interval="2000" chance="9"/>
	<strategy attack="100" defense="0"/>
	<flags>
		<flag summonable="0"/>
		<flag attackable="1"/>
		<flag hostile="1"/>
		<flag illusionable="0"/>
		<flag convinceable="0"/>
		<flag pushable="0"/>
		<flag canpushitems="1"/>
		<flag canpushcreatures="1"/>
		<flag targetdistance="1"/>
		<flag staticattack="90"/>
		<flag runonhealth="0"/>
	</flags>
	<attacks>
		<attack name="melee" interval="2000" min="-20" max="-140"/>
		<attack name="Paralyze" interval="2000" chance="10" range="7" min="-0" max="-120"/>
		<attack name="poison" interval="2000" chance="10" length="8" spread="3" min="-130" max="-170">
			<attribute key="areaEffect" value="poison"/>
</attack>
		<attack name="poison" interval="2000" chance="15" range="7" min="-25" max="-60">
			<attribute key="shootEffect" value="poison"/>
			<attribute key="areaEffect" value="poison"/>
</attack>
    <attack name="poisoncondition" interval="3000" chance="18" length="8" spread="3" min="-75" max="-140">
      <attribute key="areaEffect" value="poison"/>
		</attack>
	</attacks>
	<defenses armor="30" defense="30">
		<defense name="healing" interval="2000" chance="10"  min="120" max="280">
			<attribute key="areaEffect" value="blueshimmer"/>
		</defense>
		<defense name="speed" interval="2000" chance="10" speedchange="360" duration="20000">
			<attribute key="areaEffect" value="redshimmer"/>
		</defense>
	</defenses>
	<elements>
		<element energyPercent="50"/>
		<element icePercent="50"/>
		<element firePercent="-30"/>
	</elements>
	<immunities>
		<immunity earth="1"/>
		<immunity paralyze="1"/>
		<immunity invisible="1"/>
	</immunities>
	<voices interval="5000" chance="9">
		<voice sentence="POWER TO THE ASKARAK!"/>
		<voice sentence="GREEN WILL RULE!"/>
		<voice sentence="GREEN IS MEAN!"/>
		<voice sentence="ONLY WE ARE TRUE DEMONS!"/>
		<voice sentence="RED IS MAD"/>
	</voices>
	<loot>
		<item id="2148" countmax="100" chance="100000" /><!-- gold coin -->
		<item id="2148" countmax="100" chance="100000" /><!-- gold coin -->
		<item id="2148" countmax="35" chance="100000" /><!-- gold coin -->
		<item id="2149" countmax="4" chance="6250" /><!-- small emerald -->
		<item id="7589" chance="5263" /><!-- strong mana potion -->
		<item id="7588" chance="5263" /><!-- strong health potion -->
		<item id="7368" countmax="5" chance="4761" /><!-- assassin star -->
		<item id="2789" countmax="5" chance="3846" /><!-- brown mushroom -->
		<item id="2114" chance="1052" /><!-- piggy bank -->
		<item id="2167" chance="961" /><!-- energy ring -->
		<item id="8912" chance="512" /><!-- springsprout rod -->
		<item id="7440" chance="431" /><!-- mastermind potion -->
		<item id="7885" chance="123" /><!-- terra legs -->
		<item id="5904" chance="102" /><!-- magic sulphur -->
	</loot>
</monster>