<?xml version="1.0" encoding="UTF-8"?>
<monster name="Askarak Prince" nameDescription="a askarak prince" race="venom" experience="1700" speed="280" manacost="0">
	<health now="2600" max="2600"/>
	<look type="419" corpse="13957"/>
	<targetchange interval="2000" chance="9"/>
	<strategy attack="100" defense="0"/>
	<flags>
		<flag summonable="0"/>
		<flag attackable="1"/>
		<flag hostile="1"/>
		<flag illusionable="0"/>
		<flag convinceable="0"/>
		<flag pushable="0"/>
		<flag canpushitems="1"/>
		<flag canpushcreatures="1"/>
		<flag targetdistance="1"/>
		<flag staticattack="90"/>
		<flag runonhealth="0"/>
	</flags>
	<attacks>
		<attack name="melee" interval="2000" min="-50" max="-260"/>
		<attack name="Paralyze" interval="2000" chance="10" range="7" min="-0" max="-5"/>
		<attack name="poison" interval="2000" chance="10" length="8" spread="3" min="-70" max="-250">
			<attribute key="areaEffect" value="poison"/>
</attack>
    <attack name="poisoncondition" interval="3000" chance="18" length="8" spread="3" min="-100" max="-200">
      <attribute key="areaEffect" value="poison"/>
		</attack>
	</attacks>
	<defenses armor="30" defense="30">
		<defense name="healing" interval="2000" chance="10"  min="120" max="280">
			<attribute key="areaEffect" value="blueshimmer"/>
		</defense>
		<defense name="speed" interval="2000" chance="10" speedchange="360" duration="20000">
			<attribute key="areaEffect" value="redshimmer"/>
		</defense>
	</defenses>
	<elements>
		<element energyPercent="50"/>
		<element icePercent="50"/>
		<element firePercent="-10"/>
	</elements>
	<immunities>
		<immunity earth="1"/>
		<immunity paralyze="1"/>
		<immunity invisible="1"/>
	</immunities>
	<voices interval="5000" chance="9">
		<voice sentence="DEATH TO THE SHABRUAK!"/>
	</voices>
	<loot>
		<item id="2148" countmax="100" chance="100000" /><!-- gold coin -->
		<item id="2148" countmax="86" chance="100000" /><!-- gold coin -->
		<item id="2152" countmax="4" chance="33333" /><!-- platinum coin -->
		<item id="7589" chance="14285" /><!-- strong mana potion -->
		<item id="7588" chance="14285" /><!-- strong health potion -->
		<item id="2149" countmax="5" chance="12500" /><!-- small emerald -->
		<item id="2789" countmax="5" chance="6666" /><!-- brown mushroom -->
		<item id="2165" chance="4545" /><!-- stealth ring -->
		<item id="7440" chance="1315" /><!-- mastermind potion -->
		<item id="8912" chance="1315" /><!-- springsprout rod -->
		<item id="5904" chance="819" /><!-- magic sulphur -->
		<item id="7884" chance="819" /><!-- terra mantle -->
		<item id="13530" chance="490" /><!-- demonic finger -->
		<item id="2393" chance="490" /><!-- giant sword -->
	</loot>
</monster>