<?xml version="1.0" encoding="UTF-8"?>
<monster name="Demon" nameDescription="a demon" race="fire" experience="6000" speed="280" manacost="0">
	<health now="8200" max="8200"/>
	<look type="35" corpse="5995"/>
	<targetchange interval="5000" chance="8"/>
	<strategy attack="100" defense="0"/>
	<flags>
		<flag summonable="0"/>
		<flag attackable="1"/>
		<flag hostile="1"/>
		<flag illusionable="0"/>
		<flag convinceable="0"/>
		<flag pushable="0"/>
		<flag canpushitems="1"/>
		<flag canpushcreatures="1"/>
		<flag targetdistance="1"/>
		<flag staticattack="40"/>
		<flag runonhealth="0"/>
	</flags>
	<attacks>
		<attack name="melee" interval="2000" skill="70" attack="130"/>
		<attack name="manadrain" interval="3000" chance="13" range="7" min="-80" max="-300"/>
		<attack name="fire" interval="2000" chance="14" range="7" radius="7" target="1" min="-160" max="-350">
			<attribute key="shootEffect" value="fire"/>
			<attribute key="areaEffect" value="firearea"/>
		</attack>
		<attack name="firefield" interval="1000" chance="15" range="7" radius="1" target="1">
			<attribute key="shootEffect" value="fire"/>
		</attack>
		<attack name="energy" interval="3000" chance="30" length="8" spread="0" min="-220" max="-460">
			<attribute key="areaEffect" value="energy"/>
		</attack>
	</attacks>
	<defenses armor="50" defense="55">
		<defense name="healing" interval="1000" chance="15" min="90" max="200">
			<attribute key="areaEffect" value="blueshimmer"/>
		</defense>
		<defense name="speed" interval="1000" chance="15" speedchange="200" duration="20000">
			<attribute key="areaEffect" value="redshimmer"/>
		</defense>
	</defenses>
	<elements>
		<element physicalPercent="30"/>
		<element deathPercent="30"/>
		<element energyPercent="50"/>
		<element earthPercent="40"/>
		<element icePercent="-12"/>
		<element holyPercent="-12"/>
	</elements>
	<immunities>
		<immunity fire="1"/>
		<immunity drown="1"/>
		<immunity lifedrain="1"/>
		<immunity paralyze="1"/>
		<immunity invisible="1"/>
	</immunities>
	<summons maxSummons="2">
		<summon name="fire elemental" interval="2000" chance="10" max="2"/>
	</summons>
	<voices interval="5000" chance="10">
		<voice sentence="Your soul will be mine!"/>
		<voice sentence="MUHAHAHAHA!"/>
		<voice sentence="CHAMEK ATH UTHUL ARAK!"/>
		<voice sentence="I SMELL FEEEEAAAAAR!"/>
		<voice sentence="Your resistance is futile!"/>
	</voices>
	<loot>
		<item id="2148" countmax="100" chance="100000"/><!-- gold coin -->
		<item id="2148" countmax="99" chance="100000"/><!-- gold coin -->
		<item id="2152" chance="50000"/><!-- platinum coin -->
		<item id="2795" countmax="5" chance="20000"/><!-- fire mushroom -->
		<item id="8473" countmax="3" chance="20000"/><!-- ultimate health potion -->
		<item id="7590" countmax="3" chance="14285"/><!-- great mana potion -->
		<item id="2387" chance="14285"/><!-- double axe -->
		<item id="2149" chance="10000"/><!-- small emerald -->
		<item id="7368" countmax="5" chance="5263"/><!-- assassin star -->
		<item id="2432" chance="3703"/><!-- fire axe -->
		<item id="2151" chance="3571"/><!-- talon -->
		<item id="2176" chance="2854"/><!-- orb -->
		<item id="2393" chance="2000"/><!-- giant sword -->
		<item id="2418" chance="1428"/><!-- golden sickle -->
		<item id="2165" chance="1333"/><!-- stealth ring -->
		<item id="2462" chance="1204"/><!-- devil helmet -->
		<item id="1982" chance="1190"/><!-- purple tome -->
		<item id="2179" chance="1010"/><!-- gold ring -->
		<item id="2171" chance="813"/><!-- platinum amulet -->
		<item id="2396" chance="666"/><!-- ice rapier -->
		<item id="2520" chance="649"/><!-- demon shield -->
		<item id="2214" chance="473"/><!-- ring of healing -->
		<item id="5954" chance="467"/><!-- demon horn -->
		<item id="2470" chance="413"/><!-- golden legs -->
		<item id="2514" chance="389"/><!-- mastermind shield -->
		<item id="2164" chance="170"/><!-- might ring -->
		<item id="2472" chance="91"/><!-- magic plate armor -->
		<item id="7393" chance="78"/><!-- demon trophy -->
		<item id="7382" chance="60"/><!-- demonrage sword -->
	</loot>
</monster>
