<?xml version="1.0" encoding="UTF-8"?>
<monster name="Grave Guard" nameDescription="a grave guard" race="blood" experience="485" speed="250" manacost="0">
	<health now="720" max="720"/>
	<look type="234" corpse="6328"/>
	<targetchange interval="5000" chance="8"/>
	<strategy attack="100" defense="0"/>
	<flags>
		<flag summonable="0"/>
		<flag attackable="1"/>
		<flag hostile="1"/>
		<flag illusionable="0"/>
		<flag convinceable="0"/>
		<flag pushable="0"/>
		<flag canpushitems="1"/>
		<flag canpushcreatures="1"/>
		<flag targetdistance="1"/>
		<flag staticattack="90"/>
		<flag runonhealth="0"/>
	</flags>
	<attacks>
		<attack name="melee" interval="2000" skill="90" attack="100"/>
		<attack name="physical" interval="3000" chance="17" range="7" min="-60" max="-600">
			<attribute key="shootEffect" value="throwingknife"/>
		</attack>
		<attack name="physical" interval="3000" chance="17" length="4" spread="3" min="-0" max="-0">
			<attribute key="areaEffect" value="purplenote"/>
		</attack>
	</attacks>
	<defenses armor="25" defense="35">
		<defense name="healing" interval="1000" chance="50" min="75" max="125">
			<attribute key="areaEffect" value="blueshimmer"/>
		</defense>
	</defenses>
	<elements>
		<element energyPercent="20"/>
		<element icePercent="-10"/>
	</elements>
	<immunities>
		<immunity fire="1"/>
	</immunities>
	<loot>
		<item id="2148" countmax="100" chance="50000"/><!-- gold coin -->
		<item id="2148" countmax="29" chance="50000"/><!-- gold coin -->
		<item id="2747" chance="50000"/><!-- grave flower -->
		<item id="7620" chance="20000"/><!-- mana potion -->
		<item id="7618" chance="16666"/><!-- health potion -->
		<item id="2159" chance="4166"/><!-- scarab coin -->
		<item id="6300" chance="1754"/><!-- death ring -->
		<item id="2440" chance="1470"/><!-- daramanian waraxe -->
	</loot>
</monster>
