<?xml version="1.0" encoding="UTF-8"?>
<monster name="Gravedigger" nameDescription="a gravedigger" race="blood" experience="950" speed="570" manacost="0">
  <health now="1500" max="1500"/>
  <look type="558" corpse="21279"/>
  <targetchange interval="5000" chance="8"/>
  <strategy attack="90" defense="10"/>
  <flags>
    <flag summonable="0"/>
    <flag attackable="1"/>
    <flag hostile="1"/>
    <flag illusionable="0"/>
    <flag convinceable="0"/>
    <flag pushable="0"/>
    <flag canpushitems="1"/>
    <flag canpushcreatures="1"/>
    <flag targetdistance="1"/>
    <flag staticattack="90"/>
    <flag runonhealth="0"/>
  </flags>
  <attacks>
    <attack name="melee" interval="2000" skill="80" attack="120"/>
		<attack name="speed" interval="1000" chance="17" range="7" radius="4" target="1" speedchange="-600" duration="1500">
		</attack>
		<attack name="ice" interval="2000" chance="21" range="6" radius="2" target="1" min="-130" max="-350">
			<attribute key="shootEffect" value="smallice"/>
			<attribute key="areaEffect" value="giantice"/>
		</attack>
		<attack name="manadrain" interval="2000" chance="15" range="7" min="-60" max="-120"> 
			<attribute key="shootEffect" value="earth"/>
			<attribute key="areaeffect" value="carniphila"/>	
		</attack>
  </attacks>
  <defenses armor="75" defense="75">    
  </defenses>
	<elements>		
		<element energyPercent="+20"/>				
		<element earthPercent="+20"/>
		<element deathPercent="-40"/>
	</elements>
  <immunities>
    <immunity holy="1"/>
    <immunity lifedrain="0"/>
    <immunity paralyze="100"/>
    <immunity invisible="100"/>
  </immunities> 
	<voices interval="5000" chance="10">
		<voice sentence="Mmmmmoooaaaaaahaaa!!"/>
		<voice sentence="Jey obu giotja!!"/>
	</voices>  
  <loot>
    
  	
</loot>
</monster>
