<?xml version="1.0" encoding="UTF-8"?>
<monster name="Plaguesmith" nameDescription="a plaguesmith" race="blood" experience="4500" speed="260" manacost="0">
	<health now="8250" max="8250"/>
	<look type="247" corpse="6516"/>
	<targetchange interval="5000" chance="8"/>
	<strategy attack="100" defense="0"/>
	<flags>
		<flag summonable="0"/>
		<flag attackable="1"/>
		<flag hostile="1"/>
		<flag illusionable="1"/>
		<flag convinceable="0"/>
		<flag pushable="0"/>
		<flag canpushitems="1"/>
		<flag canpushcreatures="1"/>
		<flag targetdistance="1"/>
		<flag staticattack="90"/>
		<flag runonhealth="500"/>
	</flags>
	<attacks>
		<attack name="melee" interval="1500" skill="90" attack="100"/>
		<attack name="melee" interval="2000" chance="20" range="7" radius="4" target="0" min="-60" max="-150">
			<attribute key="areaEffect" value="poison"/>
		</attack>
		<attack name="poison" interval="3000" chance="17" length="4" spread="3" min="-200" max="-350">
			<attribute key="areaEffect" value="yellowbubble"/>
		</attack>
		<attack name="speed" interval="2000" chance="20" range="1" target="0" speedchange="-800" duration="30000">
			<attribute key="areaEffect" value="poison"/>
		</attack>
	</attacks>
	<defenses armor="25" defense="25">
		<defense name="healing" interval="1000" chance="50" min="75" max="125">
			<attribute key="areaEffect" value="blueshimmer"/>
		</defense>
		<defense name="speed" interval="1000" chance="19" speedchange="400" duration="6000">
			<attribute key="areaEffect" value="redshimmer"/>
		</defense>
	</defenses>
	<elements>
		<element firePercent="30"/>
		<element icePercent="20"/>
		<element deathPercent="1"/>
		<element energyPercent="-10"/>
		<element holyPercent="-10"/>
	</elements>
	<immunities>
		<immunity earth="1"/>
		<immunity paralyze="1"/>
		<immunity invisible="1"/>
	</immunities>
	<voices interval="3000" chance="30">
		<voice sentence="You are looking a bit feverish!"/>
		<voice sentence="You don't look that good!"/>
		<voice sentence="Hachoo!"/>
		<voice sentence="Cough Cough"/>
	</voices>
	<loot>
		<item id="2148" countmax="100" chance="50000"/><!-- gold coin -->
		<item id="2148" countmax="100" chance="50000"/><!-- gold coin -->
		<item id="2148" countmax="65" chance="50000"/><!-- gold coin -->
		<item id="2237" chance="50000"/><!-- dirty cape -->
		<item id="2235" chance="50000"/><!-- moldy cheese -->
		<item id="2394" chance="25000"/><!-- morning star-->
		<item id="2377" chance="20000"/><!-- two handed sword -->
		<item id="2509" chance="20000"/><!-- steel shield -->
		<item id="2225" chance="16666"/><!-- piece of iron -->
		<item id="2417" chance="16666"/><!-- battle hammer -->
		<item id="5944" chance="11111"/><!-- soul orb -->
		<item id="7591" chance="10000"/><!-- great health potion -->
		<item id="6500" chance="8333"/><!-- demonic essence -->
		<item id="7365" countmax="4" chance="7692"/><!-- onyx arrow -->
		<item id="9808" chance="7692"/><!-- rusty armor-->
		<item id="2152" countmax="2" chance="7142"/><!-- platinum coin -->
		<item id="2477" chance="6250"/><!-- knight legs -->
		<item id="2150" countmax="3" chance="5000"/><!-- small amethyst -->
		<item id="2209" chance="4761"/><!-- club ring -->
		<item id="2208" chance="4347"/><!-- axe ring -->
		<item id="2391" chance="2127"/><!-- war hammer -->
		<item id="2134" chance="2000"/><!-- silver brooch -->
		<item id="5887" chance="1234"/><!-- piece of royal steel -->
		<item id="2645" chance="1123"/><!-- steel boots -->
		<item id="5889" chance="1030"/><!-- piece of dragonian steel -->
		<item id="5888" chance="1010"/><!-- piece of hell steel -->
		<item id="2444" chance="952"/><!-- hammer of wrath -->
		<item id="2127" chance="341"/><!-- emerald bangle -->
		<item id="3957" chance="100"/><!-- war horn -->
	</loot>
</monster>
