<?xml version="1.0" encoding="UTF-8"?>
<monster name="Yielothax" nameDescription="Yielothax" race="fire" experience="1250" speed="380" manacost="0">
	<health now="1500" max="1500"/>
	<look type="408" corpse="13752"/>
	<targetchange interval="5000" chance="8"/>
	<strategy attack="100" defense="0"/>
	<flags>
		<flag summonable="0"/>
		<flag attackable="1"/>
		<flag hostile="1"/>
		<flag illusionable="0"/>
		<flag convinceable="0"/>
		<flag pushable="0"/>
		<flag canpushitems="1"/>
		<flag canpushcreatures="1"/>
		<flag targetdistance="1"/>
		<flag staticattack="85"/>
		<flag runonhealth="0"/>
	</flags>
	<attacks>
		<attack name="melee" interval="1000" skill="185" attack="175"/>
		<attack name="death" interval="1000" chance="71" length="8" spread="0" min="600" max="-600">
			<attribute key="areaEffect" value="mortarea"/>
		</attack>
		<attack name="death" interval="2000" chance="55" target="0" radius="4" min="-200" max="-700">
			<attribute key="areaEffect" value="icearea"/>
		</attack>
		<attack name="physical" interval="3000" chance="38" radius="5" target="1" min="-50" max="-255">
			<attribute key="areaEffect" value="groundshaker"/>
		</attack>
		<attack name="fire" interval="2000" chance="85" radius="6" target="1" min="-600" max="-600">
			<attribute key="areaEffect" value="firearea"/>
			<attribute key="shootEffect" value="fire"/>
		</attack>
	</attacks>
	<defenses armor="60" defense="55">
		<defense name="healing" interval="1000" chance="34" min="400" max="900">
			<attribute key="areaEffect" value="greenshimmer"/>
		</defense>
		<defense name="speed" interval="1000" chance="40" speedchange="500" duration="7000">
			<attribute key="areaEffect" value="blueshimmer"/>
		</defense>
	</defenses>
	<elements>
		<element deathPercent="50"/>
		<element firePercent="25"/>
		<element physicalPercent="-10"/>
		<element energyPercent="-5"/>
		<element icePercent="-5"/>
	</elements>
	<immunities>
		<immunity earth="1"/>
		<immunity invisible="1"/>
	</immunities>
	<voices interval="5000" chance="10">
		<voice sentence="IIEEH!! Iiih iih ih iiih!!!" yell="1"/>
		<voice sentence="Bsssssssm Bssssssm Bsssssssssssm!" yell="1"/>
	</voices>
	<loot>
		<item id="2148" countmax="100" chance="50000"/><!-- gold coin -->
		<item id="2148" countmax="100" chance="50000"/><!-- gold coin -->
		<item id="2148" countmax="27" chance="50000"/><!-- gold coin -->
		<item id="7588" chance="20000"/><!-- strong health potion -->
		<item id="7589" chance="16666"/><!-- strong mana potion -->
		<item id="2789" countmax="3" chance="9090"/><!-- brown mushroom -->
		<item id="2145" countmax="5" chance="4761"/><!-- small diamond -->
		<item id="2164" chance="3846"/><!-- might ring -->
		<item id="2151" chance="917"/><!-- talon -->
		<item id="7889" chance="862"/><!-- lightning pendant -->
		<item id="10221" chance="571"/><!-- shockwave amulet -->
		<item id="2438" chance="564"/><!-- epee -->
		<item id="7440" chance="529"/><!-- mastermind potion -->
		<item id="2189" chance="523"/><!-- wand of cosmic energy -->
		<item id="7895" chance="480"/><!-- lightning legs -->
		<item id="13942" chance="309"/><!-- yielocks -->
		<item id="13881" chance="286"/><!-- yielowax -->
		<item id="13877" chance="261"/><!-- broken ring of ending -->
	</loot>
</monster>