<?xml version="1.0" encoding="UTF-8"?>
<creaturescripts>
	<!-- Player Login -->
	<event type="login" name="PlayerLogin" event="script" value="login.lua"/>

	<!-- Server Events -->
	<event type="channeljoin" name="GuildEvents" event="script" value="guild.lua"/>
	<event type="mailreceive" name="Mail" event="script" value="mail.lua"/>
	<event type="reportbug" name="ReportBug" script="reportbug.lua"/>
	<event type="advance" name="AdvanceSave" event="script" value="advancesave.lua"/>
	<event type="think" name="Idle" event="script" value="idle.lua"/>
	<event type="think" name="SkullCheck" event="script" value="skullcheck.lua"/>
	<event type="moveitem" name="MoveItem" event="script" value="houseprotect.lua"/>
	<event type="moveitem" name="CaveThings" event="script" value="caveThings.lua"/>
</creaturescripts>
