<?xml version="1.0" encoding="UTF-8"?>
<monster name="mahrdis" nameDescription="a mahrdis" race="UNDEAD" experience="2800" speed="340" manacost="0">
  <health now="3900" max="3900"/>
  <look type="90" head="20" body="30" legs="40" feet="50" corpse="3016"/>
  <targetchange interval="5000" chance="8"/>
  <strategy attack="100" defense="0"/>
  <flags>
    <flag summonable="0"/>
    <flag attackable="1"/>
    <flag hostile="1"/>
    <flag illusionable="0"/>
    <flag convinceable="0"/>
    <flag pushable="0"/>
    <flag canpushitems="1"/>
    <flag canpushcreatures="1"/>
    <flag targetdistance="1"/>
    <flag staticattack="90"/>
    <flag runonhealth="0"/>
  </flags>
  <attacks>
    <attack name="melee" interval="2000" min="-100" max="-400" poison="65"/>
    <attack name="physical" interval="1600" chance="7" range="1" min="-60" max="-600"/>
	    <attribute key="areaEffect" value="redshimmer"/>	
    <attack name="fire" interval="1000" chance="7" range="7" min="-60" max="-600">
      <attribute key="shootEffect" value="fire"/>
      <attribute key="areaEffect" value="firearea"/>
    </attack>
    <attack name="speed" interval="2000" chance="13" range="7" speedchange="-850" duration="50000">
      <attribute key="areaEffect" value="redshimmer"/>
    </attack>
    <attack name="fire" interval="2000" chance="34" radius="3" target="0" min="-80" max="-800">
      <attribute key="areaEffect" value="explosionarea"/>
    </attack>
    <attack name="firefield" interval="1000" chance="12" radius="4" target="0">
      <attribute key="areaEffect" value="yellowspark"/>
    </attack>
    <attack name="firecondition" interval="2000" chance="13" length="8" spread="3" min="-50" max="-500">
      <attribute key="areaEffect" value="explosion"/>
    </attack>
  </attacks>
  <defenses armor="20" defense="30">
    <defense name="healing" interval="1000" chance="20" min="20" max="800">
      <attribute key="areaEffect" value="blueshimmer"/>
    </defense>
  </defenses>
  	<elements>
		<element firePercent="100"/>
		<element earthPercent="100"/>
	</elements>
  <immunities>
    <immunity lifedrain="1"/>
    <immunity paralyze="1"/>
    <immunity outfit="1"/>
    <immunity drunk="1"/>
    <immunity invisible="1"/>
  </immunities>
  <summons maxSummons="4">
    <summon name="fire elemental" interval="2000" chance="3000"/>
  </summons>
  <voices interval="5000" chance="10">
    <voice sentence="Ashes to ashes!"/>
    <voice sentence="Fire, Fire!"/>
    <voice sentence="The eternal flame demands its due!"/>
    <voice sentence="Burnnnnnnnnn!"/>
    <voice sentence="May my flames engulf you!"/>
  </voices>
<loot>
	<item id="2353" chance="100000"/><!-- 100% 2353 burning heart-->
	<item id="2148" countmax="50" chance1="80000" chancemax="0"/><!-- 1-50 90% 2148 gold -->
	<item id="2148" countmax="90" chance1="80000" chancemax="0"/><!-- 1-90 90% 2148 gold -->
	<item id="2148" countmax="90" chance1="90000" chancemax="0"/><!-- 1-90 90% 2148 gold -->
	<item id="2147" countmax="3" chance1="13000" chancemax="0"/><!-- 1-3 13% small ruby -->
	<item id="2156" chance="1000"/><!-- 1% 2156 red gem -->
	<item id="2141" chance="200"/><!-- 0,2% 2141 holy falcon-->
		<item id="1987" chance="100000"><!-- bag -->
			<inside>
			<item id="2168" chance="7000"/><!-- 7% 2168 life ring -->
			<item id="2432" chance="1000"/><!-- 1% 2432 fire axe -->
			<item id="2539" chance="200"/><!-- 0,2% 2539 phoenix shield -->
			</inside>
		</item>	
</loot>
</monster>
