<?xml version="1.0" encoding="UTF-8"?>
<monster name="Sandstone Scorpion" nameDescription="a sandstone scorpion" race="undead" experience="680" speed="180" manacost="0">
	<health now="900" max="900"/>
	<look type="398" corpse="13501"/>
	<targetchange interval="5000" chance="8"/>
	<strategy attack="100" defense="0"/>
	<flags>
		<flag summonable="0"/>
		<flag attackable="1"/>
		<flag hostile="1"/>
		<flag illusionable="0"/>
		<flag convinceable="0"/>
		<flag pushable="0"/>
		<flag canpushitems="1"/>
		<flag canpushcreatures="1"/>
		<flag targetdistance="1"/>
		<flag staticattack="90"/>
		<flag runonhealth="0"/>
	</flags>
	<attacks>
		<attack name="melee" interval="2000" skill="80" attack="40" poison="160"/>
		<attack name="physical" interval="3000" chance="15" range="7" radius="3" target="0" min="-85" max="-205">
			<attribute key="areaEffect" value="groundshaker"/>
		</attack>
		<attack name="speed" interval="2000" chance="17" radius="4" target="0" duration="10000" speedchange="-250">
			<attribute key="areaEffect" value="poff"/>
		</attack>
	</attacks>
	<defenses armor="20" defense="20">
		<defense name="speed" interval="2000" chance="10" speedchange="450" duration="5000">
			<attribute key="areaEffect" value="redshimmer"/>
		</defense>
	</defenses>
	<elements>
		<element firePercent="50"/>
		<element energyPercent="-10"/>
		<element icePercent="-5"/>
	</elements>
	<immunities>
		<immunity earth="1"/>
		<immunity invisible="1"/>
	</immunities>
	<voices interval="2000" chance="5">
		<voice sentence="Rattle"/>
		<voice sentence="*tak tak*"/>
		<voice sentence="*tak tak tak*"/>
	</voices>
	<loot>
		<item id="2148" countmax="100" chance="100000"/><!-- gold coin -->
		<item id="2148" countmax="28" chance="100000"/><!-- gold coin -->
		<item id="2152" countmax="2" chance="11111"/><!-- platinum coin -->
		<item id="2149" countmax="2" chance="11111"/><!-- small emerald -->
		<item id="2439" chance="6250"/><!-- daraminian mace -->
		<item id="2457" chance="5263"/><!-- steel helmet -->
		<item id="2529" chance="1724"/><!-- black shield -->
		<item id="13535" chance="108"/><!-- fist on a stick -->
	</loot>
</monster>
