<?xml version="1.0" encoding="UTF-8"?>
<weapons>
	<!-- Rods -->
	<wand id="2182" level="7" mana="2" min="8" max="18" type="earth" event="function" value="default">
		<vocation name="Druid"/>
		<vocation id="6" showInDescription="0"/>
	</wand>
	<wand id="2186" level="13" mana="3" min="13" max="25" type="energy" event="function" value="default">
		<vocation name="Druid"/>
		<vocation id="6" showInDescription="0"/>
	</wand>
	<wand id="2185" level="19" mana="5" min="27" max="33" type="death" event="function" value="default">
		<vocation name="Druid"/>
		<vocation id="6" showInDescription="0"/>
	</wand>
	<wand id="2181" level="26" mana="8" min="42" max="48" type="earth" event="function" value="default">
		<vocation name="Druid"/>
		<vocation id="6" showInDescription="0"/>
	</wand>
	<wand id="2183" level="33" mana="13" min="55" max="75" type="energy" event="function" value="default">
		<vocation name="Druid"/>
		<vocation id="6" showInDescription="0"/>
	</wand>

	<!-- Wands -->
	<wand id="2190" level="7" mana="2" min="8" max="18" type="energy" event="function" value="default">
		<vocation name="Sorcerer"/>
		<vocation id="5" showInDescription="0"/>
	</wand>
	<wand id="2191" level="13" mana="3" min="13" max="25" type="fire" event="function" value="default">
		<vocation name="Sorcerer"/>
		<vocation id="5" showInDescription="0"/>
	</wand>
	<wand id="2188" level="19" mana="5" min="27" max="33" type="death" event="function" value="default">
		<vocation name="Sorcerer"/>
		<vocation id="5" showInDescription="0"/>
	</wand>
	<wand id="2189" level="26" mana="8" min="42" max="48" type="energy" event="function" value="default">
		<vocation name="Sorcerer"/>
		<vocation id="5" showInDescription="0"/>
	</wand>
	<wand id="2187" level="33" mana="13" min="55" max="75" type="fire" event="function" value="default">
		<vocation name="Sorcerer"/>
		<vocation id="5" showInDescription="0"/>
	</wand>

	<!-- Swords -->
		<!-- Two Handed Sword -->
		<melee id="2377" level="20" unproperly="1" event="function" value="default">
			<vocation name="Knight"/>
			<vocation id="8" showInDescription="0"/>
		</melee>
		<!-- Fire Sword -->
		<melee id="2392" level="30" unproperly="1" event="function" value="default"/>
		<!-- Bright Sword -->
		<melee id="2407" level="30" unproperly="1" event="function" value="default"/>
		<!-- Broadsword -->
		<melee id="2413" unproperly="1" event="function" value="default">
			<vocation name="Knight"/>
			<vocation id="8" showInDescription="0"/>
		</melee>
		<!-- Epee -->
		<melee id="2438" level="30" unproperly="1" event="function" value="default"/>
		<!-- Magic Longsword -->
		<melee id="2390" level="140" unproperly="1" event="function" value="default">
			<vocation name="Knight"/>
			<vocation id="8" showInDescription="0"/>
		</melee>
		<!-- Giant Sword -->
		<melee id="2393" level="55" unproperly="1" event="function" value="default">
			<vocation name="Knight"/>
			<vocation id="8" showInDescription="0"/>
		</melee>
		<!-- Magic Sword -->
		<melee id="2400" level="80" unproperly="1" event="function" value="default"/>
		<!-- Warlord Sword -->
		<melee id="2408" level="120" unproperly="1" event="function" value="default">
			<vocation name="Knight"/>
			<vocation id="8" showInDescription="0"/>
		</melee>
		<!-- Pharaoh Sword -->
		<melee id="2446" level="45" unproperly="1" event="function" value="default"/>
		<!-- Djinn Blade -->
		<melee id="2451" level="35" unproperly="1" event="function" value="default"/>

	<!-- Axes -->
		<!-- Barbarian Axe -->
		<melee id="2429" level="20" unproperly="1" event="function" value="default"/>
		<!-- Obsidian Lance -->
		<melee id="2425" level="20" unproperly="1" event="function" value="default"/>
		<!-- Knight Axe -->
		<melee id="2430" level="25" unproperly="1" event="function" value="default"/>
		<!-- Dwarven Axe -->
		<melee id="2435" level="20" unproperly="1" event="function" value="default"/>
		<!-- Battle Axe -->
		<melee id="2378" unproperly="1" event="function" value="default">
			<vocation name="Knight"/>
			<vocation id="8" showInDescription="0"/>
		</melee>
		<!-- Double Axe -->
		<melee id="2387" level="25" unproperly="1" event="function" value="default">
			<vocation name="Knight"/>
			<vocation id="8" showInDescription="0"/>
		</melee>
		<!-- Halberd -->
		<melee id="2381" level="25" unproperly="1" event="function" value="default"/>
		<!-- Dragon Lance -->
		<melee id="2414" level="60" unproperly="1" event="function" value="default"/>
		<!-- Great Axe -->
		<melee id="2415" level="95" unproperly="1" event="function" value="default">
			<vocation name="Knight"/>
			<vocation id="8" showInDescription="0"/>
		</melee>
		<!-- Guardian Halberd -->
		<melee id="2427" level="55" unproperly="1" event="function" value="default"/>
		<!-- Naginata -->
		<melee id="2426" level="25" unproperly="1" event="function" value="default"/>
		<!-- Stonecutter Axe -->
		<melee id="2431" level="90" unproperly="1" event="function" value="default"/>
		<!-- Fire Axe -->
		<melee id="2432" level="35" unproperly="1" event="function" value="default"/>
		<!-- Daramanian Waraxe -->
		<melee id="2440" level="25" unproperly="1" event="function" value="default"/>
		<!-- Ravager's Axe -->
		<melee id="2443" level="70" unproperly="1" event="function" value="default"/>
		<!-- Twin Axe -->
		<melee id="2447" level="50" unproperly="1" event="function" value="default">
			<vocation name="Knight"/>
			<vocation id="8" showInDescription="0"/>
		</melee>
		<!-- War Axe -->
		<melee id="2454" level="65" unproperly="1" event="function" value="default">
			<vocation name="Knight"/>
			<vocation id="8" showInDescription="0"/>
		</melee>
		<!-- Beastslayer Axe -->
		<melee id="3962" level="30" unproperly="1" event="function" value="default"/>

	<!-- Clubs -->
		<!-- War Hammer -->
		<melee id="2391" level="50" unproperly="1" event="function" value="default">
			<vocation name="Knight"/>
			<vocation id="8" showInDescription="0"/>
		</melee>
		<!-- Thunder Hammer -->
		<melee id="2421" level="85" unproperly="1" event="function" value="default"/>
		<!-- Clerical Mace -->
		<melee id="2423" level="20" unproperly="1" event="function" value="default"/>
		<!-- Silver Mace -->
		<melee id="2424" level="45" unproperly="1" event="function" value="default"/>
		<!-- Dragon Hammer -->
		<melee id="2434" level="25" unproperly="1" event="function" value="default"/>
		<!-- Skull Staff -->
		<melee id="2436" level="30" unproperly="1" event="function" value="default"/>
		<!-- Light Mace -->
		<melee id="2437" level="80" unproperly="1" event="function" value="default"/>
		<!-- Hammer of Wrath -->
		<melee id="2444" level="65" unproperly="1" event="function" value="default">
			<vocation name="Knight"/>
			<vocation id="8" showInDescription="0"/>
		</melee>
		<!-- Crystal Mace -->
		<melee id="2445" level="35" unproperly="1" event="function" value="default"/>
		<!-- Heavy Mace -->
		<melee id="2452" level="70" unproperly="1" event="function" value="default">
			<vocation name="Knight"/>
			<vocation id="8" showInDescription="0"/>
		</melee>
		<!-- Arcane Staff -->
		<melee id="2453" level="75" unproperly="1" event="function" value="default"/>

	<!-- Bows and Crossbows -->
		<!-- Crossbow -->
		<distance id="2455" event="function" value="default"/>
		<!-- Bow -->
		<distance id="2456" event="function" value="default"/>

	<!-- Ammunition -->
		<!-- Small Stone -->
		<distance id="1294" event="function" value="default"/>
		<!-- Snow Ball -->
		<distance id="2111" event="function" value="default"/>
		<!-- Spear -->
		<distance id="2389" event="function" value="default"/>
		<!-- Throwing Star -->
		<distance id="2399" event="function" value="default"/>
		<!-- Throwing Knife -->
		<distance id="2410" event="function" value="default"/>
		<!-- Bolt -->
		<distance id="2543" event="function" value="default"/>
		<!-- Arrow -->
		<distance id="2544" event="function" value="default"/>
		<!-- Poison Arrow -->
		<distance id="2545" event="script" value="poison_arrow.lua"/>
		<!-- Burst Arrow -->
		<distance id="2546" event="script" value="burst_arrow.lua"/>
		<!-- Power Bolt -->
		<distance id="2547" level="55" event="function" value="default"/>
</weapons>
