<?xml version="1.0" encoding="UTF-8"?>
<monster name="Midnight Panther" nameDescription="a midnight panther" race="blood" experience="900" speed="240" manacost="0">
	<health now="1200" max="1200"/>
	<look type="385" corpse="13327"/>
	<targetchange interval="5000" chance="8"/>
	<strategy attack="100" defense="0"/>
	<flags>
		<flag summonable="0"/>
		<flag attackable="1"/>
		<flag hostile="1"/>
		<flag illusionable="1"/>
		<flag convinceable="0"/>
		<flag pushable="0"/>
		<flag canpushitems="1"/>
		<flag canpushcreatures="1"/>
		<flag targetdistance="1"/>
		<flag staticattack="90"/>
		<flag runonhealth="0"/>
	</flags>
	<attacks>
		<attack name="melee" interval="1500" skill="68" attack="42"/>
	</attacks>
	<defenses armor="27" defense="39">
		<defense name="speed" interval="1000" chance="12" speedchange="627" duration="5000">
			<attribute key="areaEffect" value="redshimmer"/>
		</defense>
	</defenses>
	<elements>
		<element deathPercent="-10"/>
		<element firePercent="10"/>
		<element energyPercent="100"/>
	</elements>
	<immunities>
		<immunity paralyze="1"/>
		<immunity invisible="1"/>
	</immunities>
	<loot>
		<item id="2148" countmax="39" chance1="40000" chancemax="954"/> <!-- gp -->
		<item id="2666" countmax="4" chance="16750"/> <!-- meat -->
		<item id="13026" chance="7500"/> <!-- panther head -->
		<item id="13027" chance="8500"/> <!-- panther paw -->

	</loot>
</monster>
