<?xml version="1.0" encoding="UTF-8"?>
<monster name="Clay Guardian" nameDescription="a clay guardian" race="blood" experience="400" speed="340" manacost="0">
	<health now="625" max="625"/>
	<look type="333" corpse="13972"/>
	<targetchange interval="5000" chance="8"/>
	<strategy attack="100" defense="0"/>
	<flags>
		<flag summonable="0"/>
		<flag attackable="1"/>
		<flag hostile="1"/>
		<flag illusionable="1"/>
		<flag convinceable="0"/>
		<flag pushable="0"/>
		<flag canpushitems="1"/>
		<flag canpushcreatures="1"/>
		<flag targetdistance="1"/>
		<flag staticattack="90"/>
		<flag runonhealth="0"/>
	</flags>
	<attacks>
      <attack name="melee" interval="2000" min="-60" max="-140"/>
	</attacks>
	<defenses armor="22" defense="35"/>
	<elements>
		<element physicalPercent="40"/>
		<element deathPercent="50"/>
		<element icePercent="50"/>
		<element firePercent="-5"/>
	</elements>
	<immunities>
		<immunity earth="1"/>
		<immunity invisible="1"/>
	</immunities>
	<loot>
		<item id="2148" countmax="100" chance="50000"/><!-- gold coin -->
		<item id="2148" countmax="63" chance="50000"/><!-- gold coin -->
		<item id="11222" chance="25000"/><!-- lump of earth -->
		<item id="2260" chance="25000"/><!-- blank rune -->
		<item id="1294" countmax="10" chance="10000"/><!-- small stone -->
		<item id="7850" countmax="8" chance="5555"/><!-- earth arrow -->
		<item id="11339" chance="1204"/><!-- clay lump -->
		<item id="9970" chance="286"/><!-- small topaz -->
	</loot>
</monster>