<?xml version="1.0" encoding="UTF-8"?>
	<monster name="Cliff Strider" nameDescription="an cliff strider" race="blood" experience="5700" speed="250" manacost="0">
	<health now="9400" max="9400"/>
	<look type="497" corpse="17420"/>
	<targetchange interval="5000" chance="8"/>
	<strategy attack="100" defense="0"/>
	<flags>
		<flag summonable="0"/>
		<flag attackable="1"/>
		<flag hostile="1"/>
		<flag illusionable="0"/>
		<flag convinceable="0"/>
		<flag pushable="0"/>
		<flag canpushitems="1"/>
		<flag canpushcreatures="0"/>
		<flag targetdistance="1"/>
		<flag staticattack="90"/>
		<flag runonhealth="0"/>
	</flags>
	<attacks>
		<attack name="melee" interval="2000" skill="175" attack="90"/>
		<attack name="earth" interval="1000" chance="15" length="8" spread="0" min="-250" max="-500">
			<attribute key="areaEffect" value="stones"/>
		</attack>
		<attack name="energy" interval="2000" chance="30" length="5" spread="0" min="-250" max="-300">
			<attribute key="areaEffect" value="energyarea"/>
		</attack>
		<attack name="energycondition" interval="1000" chance="15" radius="3" target="0" min="-300" max="-500">
			<attribute key="areaEffect" value="stones"/>
		</attack>
	</attacks>
	<defenses armor="15" defense="20">
		<defense name="healing" interval="1000" chance="15" min="200" max="300">
			<attribute key="areaEffect" value="blueshimmer"/>
		</defense>
	</defenses>
	<elements>
		<element firePercent="1"/>
		<element physicalPercent="1"/>
		<element deathPercent="1"/>
		<element icePercent="20"/>
	</elements>
	<immunities>
		<immunity paralyze="1"/>
		<immunity earth="1"/>
		<immunity energy="1"/>
		<immunity invisible="1"/>
	</immunities>
	<voices interval="5000" chance="10">
		<voice sentence="Knorrrr"/>
	</voices>
	<loot>
		<item id="2148" countmax="100" chance="100000"/><!-- gold coin -->
		<item id="2148" countmax="95" chance="100000"/><!-- gold coin -->
		<item id="2152" countmax="10" chance="100000"/><!-- platinum coin -->
		<item id="7590" countmax="4" chance="25000"/><!-- great mana potion -->
		<item id="8473" countmax="4" chance="20000"/><!-- ultimate health potion -->
		<item id="5944" chance="16666"/><!-- soul orb -->
		<item id="18429" countmax="2" chance="16666"/><!-- vein of ore -->
		<item id="18428" chance="14285"/><!-- cliff strider claw -->
		<item id="18427" chance="14285"/><!-- pulverized ore -->
		<item id="5880" chance="14285"/><!-- iron ore -->
		<item id="11227" chance="10000"/><!-- shiny stone -->
		<item id="18435" countmax="8" chance="9090"/><!-- prismatic bolt -->
		<item id="2144" chance="9090"/><!-- black pearl -->
		<item id="18418" countmax="2" chance="8333"/><!-- blue crystal splinter -->
		<item id="2143" countmax="3" chance="7692"/><!-- white pearl -->
		<item id="18419" chance="7692"/><!-- cyan crystal fragment -->
		<item id="18413" chance="6250"/><!-- blue crystal shard -->
		<item id="2156" chance="5882"/><!-- red gem -->
		<item id="9942" chance="3125"/><!-- crystal of balance -->
		<item id="18390" chance="2500"/><!-- wand of defiance -->
		<item id="5904" chance="1724"/><!-- magic sulphur -->
		<item id="7437" chance="1428"/><!-- sapphire hammer -->
		<item id="18412" chance="1265"/><!-- glacial rod -->
		<item id="7452" chance="1111"/><!-- spiked squelcher -->
		<item id="18453" chance="952"/><!-- crystal crossbow -->
		<item id="2393" chance="793"/><!-- giant sword -->
		<item id="2497" chance="632"/><!-- crusader helmet -->
		<item id="9980" chance="632"/><!-- crystal of power -->
		<item id="18450" chance="632"/><!-- crystalline sword -->
		<item id="2477" chance="632"/><!-- knight legs -->
		<item id="2158" chance="476"/><!-- blue gem -->
		<item id="2487" chance="317"/><!-- crown armor -->
		<item id="2645" chance="158"/><!-- steel boots -->
	</loot>
</monster>
