<?xml version="1.0" encoding="UTF-8"?>
<monster name="Crystalcrusher" nameDescription="a crystalcrusher" race="blood" experience="500" speed="340" manacost="0">
	<health now="570" max="570"/>
	<look type="511" corpse="18487"/>
	<targetchange interval="5000" chance="8"/>
	<strategy attack="100" defense="0"/>
	<flags>
		<flag summonable="0"/>
		<flag attackable="1"/>
		<flag hostile="1"/>
		<flag illusionable="1"/>
		<flag convinceable="0"/>
		<flag pushable="0"/>
		<flag canpushitems="1"/>
		<flag canpushcreatures="1"/>
		<flag targetdistance="1"/>
		<flag staticattack="90"/>
		<flag runonhealth="0"/>
	</flags>
	<attacks>
      <attack name="melee" interval="2000" min="-60" max="-140"/>
		<attack name="fire" interval="3000" chance="17" length="8" spread="3" min="-150" max="-310">
			<attribute key="areaEffect" value="firearea"/>
		</attack>
	</attacks>
	<defenses armor="22" defense="35">
		<defense name="invisible" interval="5000" chance="50" duration="5000">
			<attribute key="areaEffect" value="redshimmer"/>
		</defense>
	</defenses>
	<elements>
		<element deathPercent="20"/>
		<element firePercent="10"/>
		<element holyPercent="-1"/>
		<element energyPercent="-10"/>
		<element icePercent="-1"/>
	</elements>
	<immunities>
		<immunity earth="1"/>
		<immunity invisible="1"/>
	</immunities>
	<voices interval="5000" chance="10">
		<voice sentence="Creak!"/>
		<voice sentence="Crunch!"/>
	</voices>
	<loot>
		<item id="2148" countmax="90" chance="50000"/><!-- gold coin -->
		<item id="18417" chance="5263"/><!-- brown crystal splinter -->
		<item id="18418" chance="5000"/><!-- blue crystal splinter -->
		<item id="18416" chance="4761"/><!-- green crystal splinter -->
		<item id="18304" countmax="3" chance="4761"/><!-- crystalline arrow -->
		<item id="18432" chance="3571"/><!-- crystalline spikes -->
	</loot>
</monster>