<?xml version="1.0" encoding="UTF-8"?>
<monster name="Earth Elemental" nameDescription="an earth elemental" race="undead" experience="450" speed="330" manacost="0">
	<health now="650" max="650"/>
	<look type="301" corpse="8933"/>
	<targetchange interval="20000" chance="50"/>
	<strategy attack="100" defense="0"/>
	<flags>
		<flag summonable="0"/>
		<flag attackable="1"/>
		<flag hostile="1"/>
		<flag illusionable="0"/>
		<flag convinceable="0"/>
		<flag pushable="0"/>
		<flag canpushitems="1"/>
		<flag staticattack="80"/>
		<flag lightlevel="0"/>
		<flag lightcolor="0"/>
		<flag targetdistance="1"/>
		<flag runonhealth="0"/>
	</flags>
	<attacks>
		<attack name="melee" interval="2000" skill="45" attack="40"/>
		<attack name="physical" interval="2000" chance="20" range="7" min="-25" max="-195">
			<attribute key="shootEffect" value="largerock"/>
		</attack>
		<attack name="poisoncondition" interval="1000" chance="10" length="6" spread="0" min="0" max="-260">
			<attribute key="areaEffect" value="groundshaker"/>
		</attack>
		<attack name="speed" interval="2000" chance="20" range="7" speedchange="-450" duration="4000">
			<attribute key="areaEffect" value="redshimmer"/>
		</attack>
	</attacks>
	<defenses armor="30" defense="30"/>
	<elements>
		<element deathPercent="50"/>
		<element icePercent="85"/>
		<element physicalPercent="50"/>
		<element holyPercent="50"/>
		<element firePercent="-25"/>
	</elements>
	<immunities>
		<immunity paralyze="1"/>
		<immunity invisible="1"/>
		<immunity earth="1"/>
		<immunity energy="1"/>
	</immunities>
	<loot>
		<item id="2148" countmax="100" chance="50000"/><!-- gold coin -->
		<item id="2148" countmax="30" chance="50000"/><!-- gold coin -->
		<item id="11222" chance="20000"/><!-- lump of earth -->
		<item id="7850" countmax="30" chance="20000"/><!-- earth arrow -->
		<item id="1294" countmax="10" chance="9090"/><!-- small stone -->
		<item id="2260" chance="9090"/><!-- blank rune -->
		<item id="9808" chance="5263"/><!-- rusty armor -->
		<item id="7589" chance="1851"/><!-- strong mana potion -->
		<item id="9970" chance="632"/><!-- small topaz -->
		<item id="11339" chance="591"/><!-- clay lump -->
		<item id="13757" chance="460"/><!-- coal -->
	</loot>
</monster>
