<?xml version="1.0" encoding="UTF-8"?>
<monster name="Eternal Guardian" nameDescription="a eternal guardian" race="blood" experience="1800" speed="420" manacost="0">
<health now="2500" max="2500"/>
<look type="345" corpse="11278"/>
<targetchange interval="2000" chance="5"/>
<strategy attack="100" defense="0"/>
	<flags>
		<flag summonable="0"/>
		<flag attackable="1"/>
		<flag hostile="1"/>
		<flag illusionable="0"/>
		<flag convinceable="0"/>
		<flag pushable="0"/>
		<flag canpushitems="1"/>
		<flag canpushcreatures="1"/>
		<flag targetdistance="1"/>
		<flag staticattack="90"/>
		<flag runonhealth="0"/>
	</flags>
	<attacks>
		<attack name="melee" interval="2000" skill="50" attack="100"/>
	</attacks>
	<defenses armor="35" defense="35"/>
	<elements>
		<element deathPercent="20"/>
		<element firePercent="70"/>
		<element holyPercent="20"/>
		<element energyPercent="10"/>
		<element icePercent="10"/>
	</elements>
	<immunities>
		<immunity earth="1"/>
	</immunities>
	<loot>
		<item id="2148" countmax="100" chance="50000" /><!-- gold coin -->
		<item id="2152" countmax="4" chance="50000" /><!-- platinum coin -->
		<item id="1294" countmax="10" chance="25000" /><!-- small stone -->
		<item id="10549" chance="20000" /><!-- ancient stone -->
		<item id="11325" chance="9090" /><!-- spiked iron ball -->
		<item id="11323" chance="1886" /><!-- zaoan halberd -->
		<item id="5880" chance="1818" /><!-- iron ore -->
		<item id="11227" chance="800" /><!-- shiny stone -->
		<item id="2528" chance="800" /><!-- tower shield -->
		<item id="11339" chance="735" /><!-- clay lump -->
		<item id="2427" chance="529" /><!-- guardian halberd -->
		<item id="11343" chance="400" /><!-- piece of marble rock -->
		<item id="13757" chance="357" /><!-- coal -->
		<item id="11307" chance="86" /><!-- zaoan sword -->
	</loot>
</monster>
