<?xml version="1.0" encoding="UTF-8"?>
<monster name="Golden Servant" nameDescription="a golden servant" race="energy" experience="450" speed="340" manacost="0">
	<health now="550" max="550"/>
	<look type="396" corpse="13489"/>
	<targetchange interval="5000" chance="8"/>
	<strategy attack="100" defense="0"/>
	<flags>
		<flag summonable="0"/>
		<flag attackable="1"/>
		<flag hostile="1"/>
		<flag illusionable="0"/>
		<flag convinceable="0"/>
		<flag pushable="0"/>
		<flag canpushitems="1"/>
		<flag canpushcreatures="1"/>
		<flag targetdistance="1"/>
		<flag staticattack="90"/>
		<flag runonhealth="50"/>
	</flags>
	<attacks>
      <attack name="melee" interval="2000" min="-20" max="-100"/>
		<attack name="energy" interval="2000" chance="12" length="6" spread="3" min="-25" max="-85">
			<attribute key="areaEffect" value="energy"/>
		</attack>
		<attack name="energy" interval="3000" chance="10" range="1" target="1" min="-15" max="-35">
			<attribute key="areaEffect" value="purpleenergy"/>
		</attack>
		<attack name="energy" interval="3000" chance="10" range="1" target="1" min="-45" max="-90">
			<attribute key="shootEffect" value="energyball"/>
		</attack>
	</attacks>
	<elements>
		<element earthPercent="80"/>
		<element firePercent="10"/>
		<element icePercent="-5"/>
		<element deathPercent="-5"/>
	</elements>
	<immunities>
		<immunity invisible="1"/>
		<immunity paralyze="1"/>
	</immunities>
	<voices interval="2500" chance="10">
		<voice sentence="Error. LOAD 'PROGRAM',8,1"/>
		<voice sentence="Remain. Obedient."/>
	</voices>
	<loot>
		<item id="2148" countmax="100" chance="50000"/><!-- gold coin -->
		<item id="2148" countmax="40" chance="50000"/><!-- gold coin -->
		<item id="7618" chance="4761"/><!-- health potion -->
		<item id="7620" chance="4761"/><!-- mana potion -->
		<item id="2381" chance="2941"/><!-- halberd -->
		<item id="2796" chance="1428"/><!-- green mushroom -->
		<item id="9690" chance="925"/><!-- gear wheel -->
		<item id="8900" chance="505"/><!-- spellbook of enlightenment -->
		<item id="2165" chance="448"/><!-- stealth ring -->
		<item id="13758" chance="338"/><!-- slime mould -->
		<item id="13938" chance="36"/><!-- golden can of oil -->
		<item id="2466" chance="15"/><!-- golden armor -->
		<item id="2179" chance="3"/><!-- gold ring -->
	</loot>
</monster>
