<?xml version="1.0" encoding="UTF-8"?>
<monster name="Dworc Fleshhunter" nameDescription="a dworc fleshhunter" race="blood" experience="35" speed="240" manacost="0">
	<health now="85" max="85"/>
	<look type="215" corpse="6058"/>
	<targetchange interval="5000" chance="8"/>
	<strategy attack="100" defense="0"/>
	<flags>
		<flag summonable="0"/>
		<flag attackable="1"/>
		<flag hostile="1"/>
		<flag illusionable="1"/>
		<flag convinceable="1"/>
		<flag pushable="1"/>
		<flag canpushitems="0"/>
		<flag canpushcreatures="0"/>
		<flag targetdistance="1"/>
		<flag staticattack="90"/>
		<flag runonhealth="8"/>
	</flags>
	<attacks>
		<attack name="melee" interval="2000" skill="15" attack="20" poison="20"/>
		<attack name="physical" interval="1000" chance="9" range="7" min="-5" max="-15">
			<attribute key="shootEffect" value="throwingknife"/>
		</attack>
	</attacks>
	<defenses armor="3" defense="8"/>
	<elements>
		<element earthPercent="100"/>
		<element deathPercent="-15"/>
		<element firePercent="-10"/>
		<element icePercent="-10"/>
	</elements>
	<voices interval="5000" chance="10">
		<voice sentence="Grak brrretz!"/>
		<voice sentence="Grow truk grrrrr."/>
		<voice sentence="Prek tars, dekklep zurk."/>
	</voices>
	<loot>
		<item id="2148" countmax="15" chance="39000"/><!-- gold coin -->
		<item id="2229" countmax="3" chance="3300"/><!-- skull -->
		<item id="2568" chance="9750"/><!-- cleaver -->
		<item id="2050" chance="4750"/><!-- torch -->
		<item id="2567" chance="10000"/><!-- leather armor-->
		<item id="3967" chance="500"/><!-- tribal mask -->
		<item id="3965" chance="2000"/><!-- hunting spear -->
		<item id="2172" chance="200"/><!-- bronze amulet -->
		<item id="2411" chance="1250"/><!-- poison dagger -->
		<item id="2541" chance="1400"/><!-- bone shield -->
		<item id="3964" chance="250"/><!-- ripper lance -->
	</loot>
</monster>
