<?xml version="1.0" encoding="UTF-8"?>
<npc name="Josue" nameDescription="Josue, the rune vendor" script="runes.lua" walkinterval="2000" skull="green" floorchange="0">
	<health now="100" max="100"/>
	<look type="130" head="39" body="122" legs="125" feet="57"/>
	<parameters>
		<parameter key="message_greet" value="Hello |PLAYERNAME|. I sell runes, potions, wands and rods."/>
		<parameter key="message_decline" value="Is |TOTALCOST| gold coins too much for you? Get out of here!"/>
	</parameters>
	<voices>
		<voice text="Come and buy magic items very cheap..." interval2="200" margin="1" type="16" yell="no"/>
		<voice text="You need the rod or wand only tell me 'first wand' or 'first rod'." interval2="191" margin="3" type="16" yell="no"/>
	</voices>
</npc>
