<?xml version="1.0" encoding="UTF-8"?>
<npc name="Ruby" nameDescription="Ruby, the parcel and letters ventor" script="default.lua" walkinterval="2000" skull="green" floorchange="0">
	<health now="100" max="100"/>
	<look type="137" head="20" body="120" legs="75" addons="3" feet="13"/>
	<parameters>
		<parameter key="message_greet" value="Hello |PLAYERNAME|. I sell parcels, letters and labels."/>
		<parameter key="module_shop" value="1"/>
		<parameter key="shop_buyable" value="label,2599,5;parcel,2595,15;letter,2597,10"/>
		<parameter key="message_decline" value="Is |TOTALCOST| gold coins too much for you? Get out of here!"/>
	</parameters>
</npc>