<?xml version="1.0" encoding="UTF-8"?>
<movements>
	<!-- Decaying tiles -->
	<movevent type="StepIn" itemid="293" event="script" value="decay.lua"/>
	<movevent type="StepIn" itemid="461" event="script" value="decay.lua"/>

	<!-- (Depot & Level) tiles -->
	<movevent type="StepIn" itemid="416" event="script" value="tiles.lua"/>
	<movevent type="StepOut" itemid="417" event="script" value="tiles.lua"/>
	<movevent type="StepIn" itemid="426" event="script" value="tiles.lua"/>
	<movevent type="StepOut" itemid="425" event="script" value="tiles.lua"/>
	<movevent type="StepIn" itemid="446" event="script" value="tiles.lua"/>
	<movevent type="StepOut" itemid="447" event="script" value="tiles.lua"/>
	<movevent type="StepIn" itemid="3216" event="script" value="tiles.lua"/>
	<movevent type="StepOut" itemid="3217" event="script" value="tiles.lua"/>
	<movevent type="StepIn" itemid="3202" event="script" value="tiles.lua"/>
	<movevent type="StepOut" itemid="3215" event="script" value="tiles.lua"/>

	<!-- Traps -->
	<movevent type="StepIn" itemid="1510" event="script" value="trap.lua"/>
	<movevent type="StepOut" itemid="1511" event="script" value="trap.lua"/>
	<movevent type="StepIn" itemid="1512" event="script" value="trap.lua"/>
	<movevent type="StepOut" itemid="1513" event="script" value="trap.lua"/>
	<movevent type="StepIn" itemid="2579" event="script" value="trap.lua"/>
	<movevent type="RemoveItem" itemid="2579" event="script" value="trap.lua"/>

	<!-- Citizen teleport -->
	<movevent type="StepIn" itemid="1387" event="script" value="citizen.lua"/>

	<!-- Walkback when walking on quest chest -->
	<movevent type="StepIn" itemid="1738" event="script" value="walkback.lua"/>
	<movevent type="StepIn" itemid="1740" event="script" value="walkback.lua"/>
	<movevent type="StepIn" fromid="1746" toid="1749" event="script" value="walkback.lua"/>

	<!-- (Level & quest) doors -->
	<movevent type="StepOut" itemid="1224" event="script" value="closingdoor.lua"/>
	<movevent type="StepOut" itemid="1226" event="script" value="closingdoor.lua"/>
	<movevent type="StepOut" itemid="1228" event="script" value="closingdoor.lua"/>
	<movevent type="StepOut" itemid="1230" event="script" value="closingdoor.lua"/>
	<movevent type="StepOut" itemid="1242" event="script" value="closingdoor.lua"/>
	<movevent type="StepOut" itemid="1244" event="script" value="closingdoor.lua"/>
	<movevent type="StepOut" itemid="1246" event="script" value="closingdoor.lua"/>
	<movevent type="StepOut" itemid="1248" event="script" value="closingdoor.lua"/>
	<movevent type="StepOut" itemid="1256" event="script" value="closingdoor.lua"/>
	<movevent type="StepOut" itemid="1258" event="script" value="closingdoor.lua"/>
	<movevent type="StepOut" itemid="1260" event="script" value="closingdoor.lua"/>
	<movevent type="StepOut" itemid="1262" event="script" value="closingdoor.lua"/>
	<movevent type="StepOut" itemid="3541" event="script" value="closingdoor.lua"/>
	<movevent type="StepOut" itemid="3550" event="script" value="closingdoor.lua"/>
	<movevent type="StepOut" itemid="3543" event="script" value="closingdoor.lua"/>
	<movevent type="StepOut" itemid="3552" event="script" value="closingdoor.lua"/>
	<movevent type="StepIn" itemid="1228" event="script" value="walkback.lua"/>
	<movevent type="StepIn" itemid="1230" event="script" value="walkback.lua"/>
	<movevent type="StepIn" itemid="1242" event="script" value="walkback.lua"/>
	<movevent type="StepIn" itemid="1244" event="script" value="walkback.lua"/>
	<movevent type="StepIn" itemid="1256" event="script" value="walkback.lua"/>
	<movevent type="StepIn" itemid="1258" event="script" value="walkback.lua"/>
	<movevent type="StepIn" itemid="1246" event="script" value="walkback.lua"/>
	<movevent type="StepIn" itemid="1248" event="script" value="walkback.lua"/>
	<movevent type="StepIn" itemid="1260" event="script" value="walkback.lua"/>
	<movevent type="StepIn" itemid="1262" event="script" value="walkback.lua"/>
	<movevent type="StepIn" itemid="3541" event="script" value="walkback.lua"/>
	<movevent type="StepIn" itemid="3543" event="script" value="walkback.lua"/>
	<movevent type="StepIn" itemid="3550" event="script" value="walkback.lua"/>
	<movevent type="StepIn" itemid="3552" event="script" value="walkback.lua"/>

	<!-- Cooking -->
	<!-- Create bread movements -->
	<movevent type="AddItem" tileitem="1" itemid="1786" event="script" value="dough.lua"/>
	<movevent type="AddItem" tileitem="1" itemid="1788" event="script" value="dough.lua"/>
	<movevent type="AddItem" tileitem="1" itemid="1790" event="script" value="dough.lua"/>
	<movevent type="AddItem" tileitem="1" itemid="1792" event="script" value="dough.lua"/>

	<!-- Campfires -->
	<movevent type="StepIn" itemid="1423-1425" event="function" value="onStepInField"/>
	<movevent type="AddItem" itemid="1423-1425" event="function" value="onAddField"/>

	<!-- Others -->
	<movevent type="StepIn" itemid="4208" event ="script" value="junglemaw.lua"/>
	<movevent type="AddItem" tileitem="1" itemid="4208" event="script" value="junglemaw.lua"/>

	<!-- Fields -->
	<movevent type="StepIn" itemid="1487-1508" event="function" value="onStepInField"/>
	<movevent type="AddItem" itemid="1487-1508" event="function" value="onAddField"/>

	<!-- Boots -->
		<!-- Boots of Haste -->
		<movevent type="Equip" itemid="2195" slot="feet" event="function" value="onEquipItem"/>
		<movevent type="DeEquip" itemid="2195" slot="feet" event="function" value="onDeEquipItem"/>
		<!-- Pair of Soft Boots (equipped) -->
		<movevent type="Equip" itemid="2640" slot="feet" event="function" value="onEquipItem"/>
		<movevent type="DeEquip" itemid="2640" slot="feet" event="function" value="onDeEquipItem"/>

	<!-- Amulets -->
		<!-- Strange Talisman -->
		<movevent type="Equip" itemid="2161" slot="necklace" event="function" value="onEquipItem"/>
		<movevent type="DeEquip" itemid="2161" slot="necklace" event="function" value="onDeEquipItem"/>
		<!-- Silver Amulet -->
		<movevent type="Equip" itemid="2170" slot="necklace" event="function" value="onEquipItem"/>
		<movevent type="DeEquip" itemid="2170" slot="necklace" event="function" value="onDeEquipItem"/>
		<!-- Bronze Amulet -->
		<movevent type="Equip" itemid="2172" slot="necklace" event="function" value="onEquipItem"/>
		<movevent type="DeEquip" itemid="2172" slot="necklace" event="function" value="onDeEquipItem"/>
		<!-- Amulet of Loss -->
		<movevent type="Equip" itemid="2173" slot="necklace" event="function" value="onEquipItem"/>
		<movevent type="DeEquip" itemid="2173" slot="necklace" event="function" value="onDeEquipItem"/>
		<!-- Stone Skin Amulet -->
		<movevent type="Equip" itemid="2197" slot="necklace" event="function" value="onEquipItem"/>
		<movevent type="DeEquip" itemid="2197" slot="necklace" event="function" value="onDeEquipItem"/>
		<!-- Elven Amulet -->
		<movevent type="Equip" itemid="2198" slot="necklace" event="function" value="onEquipItem"/>
		<movevent type="DeEquip" itemid="2198" slot="necklace" event="function" value="onDeEquipItem"/>
		<!-- Garlic Necklace -->
		<movevent type="Equip" itemid="2199" slot="necklace" event="function" value="onEquipItem"/>
		<movevent type="DeEquip" itemid="2199" slot="necklace" event="function" value="onDeEquipItem"/>
		<!-- Protection Amulet -->
		<movevent type="Equip" itemid="2200" slot="necklace" event="function" value="onEquipItem"/>
		<movevent type="DeEquip" itemid="2200" slot="necklace" event="function" value="onDeEquipItem"/>
		<!-- Dragon Necklace -->
		<movevent type="Equip" itemid="2201" slot="necklace" event="function" value="onEquipItem"/>
		<movevent type="DeEquip" itemid="2201" slot="necklace" event="function" value="onDeEquipItem"/>

	<!-- Rings -->
		<!-- Might Ring -->
		<movevent type="Equip" itemid="2164" slot="ring" event="function" value="onEquipItem"/>
		<movevent type="DeEquip" itemid="2164" slot="ring" event="function" value="onDeEquipItem"/>
		<!-- Stealth Ring -->
		<movevent type="Equip" itemid="2165" slot="ring" event="function" value="onEquipItem"/>
		<movevent type="Equip" itemid="2202" slot="ring" event="function" value="onEquipItem"/>
		<movevent type="DeEquip" itemid="2202" slot="ring" event="function" value="onDeEquipItem"/>
		<!-- Power Ring -->
		<movevent type="Equip" itemid="2166" slot="ring" event="function" value="onEquipItem"/>
		<movevent type="Equip" itemid="2203" slot="ring" event="function" value="onEquipItem"/>
		<movevent type="DeEquip" itemid="2203" slot="ring" event="function" value="onDeEquipItem"/>
		<!-- Energy Ring -->
		<movevent type="Equip" itemid="2167" slot="ring" event="function" value="onEquipItem"/>
		<movevent type="Equip" itemid="2204" slot="ring" event="function" value="onEquipItem"/>
		<movevent type="DeEquip" itemid="2204" slot="ring" event="function" value="onDeEquipItem"/>
		<!-- Life Ring -->
		<movevent type="Equip" itemid="2168" slot="ring" event="function" value="onEquipItem"/>
		<movevent type="Equip" itemid="2205" slot="ring" event="function" value="onEquipItem"/>
		<movevent type="DeEquip" itemid="2205" slot="ring" event="function" value="onDeEquipItem"/>
		<!-- Time Ring -->
		<movevent type="Equip" itemid="2169" slot="ring" event="function" value="onEquipItem"/>
		<movevent type="Equip" itemid="2206" slot="ring" event="function" value="onEquipItem"/>
		<movevent type="DeEquip" itemid="2206" slot="ring" event="function" value="onDeEquipItem"/>
		<!-- Sword Ring -->
		<movevent type="Equip" itemid="2207" slot="ring" event="function" value="onEquipItem"/>
		<movevent type="Equip" itemid="2210" slot="ring" event="function" value="onEquipItem"/>
		<movevent type="DeEquip" itemid="2210" slot="ring" event="function" value="onDeEquipItem"/>
		<!-- Axe Ring -->
		<movevent type="Equip" itemid="2208" slot="ring" event="function" value="onEquipItem"/>
		<movevent type="Equip" itemid="2211" slot="ring" event="function" value="onEquipItem"/>
		<movevent type="DeEquip" itemid="2211" slot="ring" event="function" value="onDeEquipItem"/>
		<!-- Club Ring -->
		<movevent type="Equip" itemid="2209" slot="ring" event="function" value="onEquipItem"/>
		<movevent type="Equip" itemid="2212" slot="ring" event="function" value="onEquipItem"/>
		<movevent type="DeEquip" itemid="2212" slot="ring" event="function" value="onDeEquipItem"/>
		<!-- Dwarven Ring -->
		<movevent type="Equip" itemid="2213" slot="ring" event="function" value="onEquipItem"/>
		<movevent type="Equip" itemid="2215" slot="ring" event="function" value="onEquipItem"/>
		<movevent type="DeEquip" itemid="2215" slot="ring" event="function" value="onDeEquipItem"/>
		<!-- Ring of Healing -->
		<movevent type="Equip" itemid="2214" slot="ring" event="function" value="onEquipItem"/>
		<movevent type="Equip" itemid="2216" slot="ring" event="function" value="onEquipItem"/>
		<movevent type="DeEquip" itemid="2216" slot="ring" event="function" value="onDeEquipItem"/>

	<!-- Helmets -->
		<!-- Hat of the Mad -->
		<movevent type="Equip" itemid="2323" slot="head" event="function" value="onEquipItem">
			<vocation name="Sorcerer"/>
			<vocation name="Druid"/>
			<vocation id="5;6" showInDescription="0"/>
		</movevent>
		<movevent type="DeEquip" itemid="2323" slot="head" event="function" value="onDeEquipItem"/>
		<!-- Helmet of the Ancients -->
		<movevent type="Equip" itemid="2343" slot="head" event="function" value="onEquipItem"/>
		<movevent type="DeEquip" itemid="2343" slot="head" event="function" value="onDeEquipItem"/>
		<!-- Winged Helmet -->
		<movevent type="Equip" itemid="2474" slot="head" event="function" value="onEquipItem"/>
		<movevent type="DeEquip" itemid="2474" slot="head" event="function" value="onDeEquipItem"/>
		<!-- Dwarven Helmet -->
		<movevent type="Equip" itemid="2502" slot="head" event="function" value="onEquipItem"/>
		<movevent type="DeEquip" itemid="2502" slot="head" event="function" value="onDeEquipItem"/>

	<!-- Armors -->
		<!-- Golden Armor -->
		<movevent type="Equip" itemid="2466" slot="armor" event="function" value="onEquipItem">
			<vocation name="Paladin"/>
			<vocation name="Knight"/>
			<vocation id="7;8" showInDescription="0"/>
		</movevent>
		<movevent type="DeEquip" itemid="2466" slot="armor" event="function" value="onDeEquipItem"/>
		<!-- Magic Plate Armor -->
		<movevent type="Equip" itemid="2472" slot="armor" event="function" value="onEquipItem">
			<vocation name="Paladin"/>
			<vocation name="Knight"/>
			<vocation id="7;8" showInDescription="0"/>
		</movevent>
		<movevent type="DeEquip" itemid="2472" slot="armor" event="function" value="onDeEquipItem"/>
		<!-- Knight Armor -->
		<movevent type="Equip" itemid="2476" slot="armor" event="function" value="onEquipItem">
			<vocation name="Paladin"/>
			<vocation name="Knight"/>
			<vocation id="7;8" showInDescription="0"/>
		</movevent>
		<movevent type="DeEquip" itemid="2476" slot="armor" event="function" value="onDeEquipItem"/>
		<!-- Crown Armor -->
		<movevent type="Equip" itemid="2487" slot="armor" event="function" value="onEquipItem">
			<vocation name="Paladin"/>
			<vocation name="Knight"/>
			<vocation id="7;8" showInDescription="0"/>
		</movevent>
		<movevent type="DeEquip" itemid="2487" slot="armor" event="function" value="onDeEquipItem"/>
		<!-- Dragon Scale Mail -->
		<movevent type="Equip" itemid="2492" slot="armor" event="function" value="onEquipItem">
			<vocation name="Paladin"/>
			<vocation name="Knight"/>
			<vocation id="7;8" showInDescription="0"/>
		</movevent>
		<movevent type="DeEquip" itemid="2492" slot="armor" event="function" value="onDeEquipItem"/>
		<!-- Amazon Armor -->
		<movevent type="Equip" itemid="2500" slot="armor" level="60" event="function" value="onEquipItem">
			<vocation name="Paladin"/>
			<vocation id="7" showInDescription="0"/>
		</movevent>
		<movevent type="DeEquip" itemid="2500" slot="armor" event="function" value="onDeEquipItem"/>
		<!-- Dwarven Armor -->
		<movevent type="Equip" itemid="2503" slot="armor" event="function" value="onEquipItem"/>
		<movevent type="DeEquip" itemid="2503" slot="armor" event="function" value="onDeEquipItem"/>
		<!-- Ranger's Cloak -->
		<movevent type="Equip" itemid="2660" slot="armor" event="function" value="onEquipItem">
			<vocation name="Paladin"/>
			<vocation id="7" showInDescription="0"/>
		</movevent>
		<movevent type="DeEquip" itemid="2660" slot="armor" event="function" value="onDeEquipItem"/>

	<!-- Legs -->
		<!-- Golden Legs -->
		<movevent type="Equip" itemid="2470" slot="legs" event="function" value="onEquipItem">
			<vocation name="Paladin"/>
			<vocation name="Knight"/>
			<vocation id="7;8" showInDescription="0"/>
		</movevent>
		<movevent type="DeEquip" itemid="2470" slot="legs" event="function" value="onDeEquipItem"/>
		<!-- Knight Legs -->
		<movevent type="Equip" itemid="2477" slot="legs" event="function" value="onEquipItem">
			<vocation name="Paladin"/>
			<vocation name="Knight"/>
			<vocation id="7;8" showInDescription="0"/>
		</movevent>
		<movevent type="DeEquip" itemid="2477" slot="legs" event="function" value="onDeEquipItem"/>
		<!-- Crown Legs -->
		<movevent type="Equip" itemid="2488" slot="legs" event="function" value="onEquipItem">
			<vocation name="Paladin"/>
			<vocation name="Knight"/>
			<vocation id="7;8" showInDescription="0"/>
		</movevent>
		<movevent type="DeEquip" itemid="2488" slot="legs" event="function" value="onDeEquipItem"/>
		<!-- Dwarven Legs -->
		<movevent type="Equip" itemid="2504" slot="legs" event="function" value="onEquipItem"/>
		<movevent type="DeEquip" itemid="2504" slot="legs" event="function" value="onDeEquipItem"/>

	<!-- Shields -->
		<!-- Spellbook -->
		<movevent type="Equip" itemid="2175" slot="shield" event="function" value="onEquipItem">
			<vocation name="Sorcerer"/>
			<vocation name="Druid"/>
			<vocation id="5;6" showInDescription="0"/>
		</movevent>
		<movevent type="DeEquip" itemid="2175" slot="shield" event="function" value="onDeEquipItem"/>

	<!-- Bows and Crossbows -->
		<!-- Crossbow -->
	<movevent type="Equip" itemid="2455" slot="two-handed" event="function" value="onEquipItem"/>
	<movevent type="DeEquip" itemid="2455" slot="two-handed" event="function" value="onDeEquipItem"/>
		<!-- Bow -->
	<movevent type="Equip" itemid="2456" slot="two-handed" event="function" value="onEquipItem"/>
	<movevent type="DeEquip" itemid="2456" slot="two-handed" event="function" value="onDeEquipItem"/>
</movements>
