<?xml version="1.0" encoding="UTF-8"?>
<monster name="Midnight Spawn" nameDescription="a midnight spawn" race="undead" experience="900" speed="230" manacost="0">
	<health now="957" max="957"/>
	<look type="315" corpse="9960"/>
	<targetchange interval="5000" chance="0"/>
	<strategy attack="100" defense="0"/>
	<flags>
		<flag summonable="0"/>
		<flag attackable="1"/>
		<flag hostile="1"/>
		<flag illusionable="0"/>
		<flag convinceable="0"/>
		<flag pushable="0"/>
		<flag canpushitems="1"/>
		<flag canpushcreatures="0"/>
		<flag targetdistance="1"/>
		<flag staticattack="85"/>
		<flag runonhealth="0"/>
	</flags>
	<attacks>
		<attack name="melee" interval="2000" skill="30" attack="50"/>
	</attacks>
	<defenses armor="10" defense="10"/>
	<elements>
		<element physicalPercent="30"/>
		<element deathPercent="99"/>
		<element firePercent="30"/>
		<element earthPercent="99"/>
		<element lifedrainPercent="99"/>
		<element holyPercent="10"/>
		<element icePercent="10"/>
	</elements>
	<immunities>
		<immunity paralyze="1"/>
		<immunity invisible="1"/>
	</immunities>
	<loot>
		<item id="10531" chance="8333"/><!-- midnight shard -->
	</loot>
</monster>
