<?xml version="1.0" encoding="UTF-8"?>
<monster name="Elder Wyrm" nameDescription="a elder wyrm" race="blood" experience="2500" speed="470" manacost="0">
  <health now="2700" max="2700"/>
  <look type="561" corpse="21283"/>
  <targetchange interval="5000" chance="8"/>
	<strategy attack="100" defense="0"/>
	<flags>
		<flag summonable="0"/>
		<flag attackable="1"/>
		<flag hostile="1"/>
		<flag illusionable="0"/>
		<flag convinceable="0"/>
		<flag pushable="0"/>
		<flag canpushitems="1"/>
		<flag canpushcreatures="1"/>
		<flag targetdistance="1"/>
		<flag staticattack="90"/>
		<flag runonhealth="0"/>
	</flags>
	<attacks>
		<attack name="melee" interval="2000" skill="80" attack="90"/>
		<attack name="speed" interval="2000" chance="20" range="7" speedchange="-400" duration="2500">
			<attribute key="shootEffect" value="whirlwindaxe"/>
		</attack>
		<attack name="physical" interval="2000" chance="100" range="7" min="-120" max="-250">
			<attribute key="shootEffect" value="etherealspear"/>	
		</attack>
	</attacks>
  <defenses armor="75" defense="75">    
  </defenses>
	<elements>
		<element firePercent="100"/>
		<element physicalPercent="10"/>
		<element earthPercent="100"/>
		<element deathPercent="-20"/>
		<element energyPercent="-20"/>
	</elements>
	<immunities>
		<immunity outfit="1"/>
		<immunity drown="1"/>
		<immunity paralyze="1"/>
		<immunity invisible="100"/>
	</immunities>
	<voices interval="5000" chance="10">
		<voice sentence="Ljeave this sjacred pljace while you cjan!"/>
		<voice sentence="Jou wjil ajll djie!"/>
	</voices>     
  <loot>
</loot>
</monster>
