<?xml version="1.0" encoding="UTF-8"?>
<actions>
	<!-- Default script, responsible for destroyItem -->
	<action default="yes" event="script" value="default.lua"/>

	<!-- Quests -->
	<action actionid="2000-2001" event="script" value="quests/system.lua"/>
	<action itemid="1740;1747-1749" event="script" value="quests/quests.lua"/>

	<!-- Text -->
	<action itemid="1957;7722;10122" event="script" value="other/text.lua"/>

	<!-- Change gold -->
	<action itemid="2148;2152;2160" event="script" value="other/changegold.lua"/>

	<!-- Tools -->
	<action itemid="2420;2442" event="script" value="tools/machete.lua"/>
	<action itemid="2550" event="script" value="tools/scythe.lua"/>
	<action itemid="2580" event="script" value="tools/fishing.lua" allowfaruse="1"/>
	<action itemid="2554" event="script" value="tools/shovel.lua"/>
	<action itemid="2120" event="script" value="tools/rope.lua"/>
	<action itemid="2553" event="script" value="tools/pick.lua"/>

	<!-- Consumables (Liquids+Foods) -->
	<action itemid="1775;2005-2009;2011-2015;2023;2031-2034;2562;2574-2577;3941-3942" event="script" value="liquids/potions.lua"/>
	<action itemid="2328;2362;2666-2691;2695-2696;2787-2796" event="script" value="foods/food.lua"/>

	<!-- Spellbooks -->
	<action itemid="2175" event="script" value="other/spellbook.lua"/>

	<!-- Construction kits -->
	<action itemid="3901-3938;5086-5088" event="script" value="other/constructionkits.lua"/>

	<!-- Music, instruments -->
	<action itemid="2070-2085;2094-2095;2332;2364;2367-2374;3951-3953;3957" event="script" value="other/music.lua"/>

	<!-- Teleport (stairs, ladders) -->
	<action itemid="430;1369;1386;3678" event="script" value="other/teleport.lua"/>

	<!-- Bread Creating -->
	<action itemid="2692;2694" event="script" value="other/createbread.lua"/>

	<!-- Doors -->
		<!-- Doors -->
	<action itemid="1209-1214;1219-1262;1539-1542;3535-3552;4913-4918" event="script" value="other/doors.lua"/>

	<!-- Watches -->
	<action itemid="1728-1731;1877;1881;2036" event="script" value="other/watch.lua"/>

	<!-- Dolls -->
	<action itemid="5080" event="script" value="other/reaction.lua"/>

	<!-- Other -->
	<action itemid="2566;2096" event="script" value="other/pumpkinhead.lua"/>
	<action itemid="2114" event="script" value="other/piggybank.lua"/>
	<action itemid="2600" event="script" value="tools/inkwell.lua"/>
	<action itemid="2785" event="script" value="other/blueberrybush.lua"/>

	<!-- offLineTraining -->
	<action itemid="1444;1448;1449;3705;3739" event="script" value="other/offlinetraining.lua"/>
</actions>
