<?xml version="1.0" encoding="UTF-8"?>
<monster name="Deepling Elite" nameDescription="a deepling elite" race="blood" experience="3000" speed="560" manacost="0">
	<health now="3200" max="3200"/>
	<look type="441" corpse="15175"/>
	<targetchange interval="2000" chance="50"/>
	<strategy attack="100" defense="0"/>
	<flags>
		<flag summonable="0"/>
		<flag attackable="1"/>
		<flag hostile="1"/>
		<flag illusionable="0"/>
		<flag convinceable="0"/>
		<flag pushable="1"/>
		<flag canpushitems="1"/>
		<flag canpushcreatures="1"/>
		<flag targetdistance="0"/>
		<flag runonhealth="60"/>
	</flags>
	<attacks>
		<attack name="melee" interval="2000" skill="34" attack="45"/>
		<attack name="drown" interval="1000" chance="11" range="5" target="1" min ="-15" max="-100">
			<attribute key="areaEffect" value="bluebubble"/>
		</attack>
	</attacks>
	<defenses armor="12" defense="20">
	</defenses>
	<immunities>
		<immunity fire="1" />
	</immunities>
	<loot>
		<item id="2148" countmax="100" chance="100000"/> <!-- gold coin -->
		<item id="2148" countmax="86" chance="100000"/> <!-- gold coin -->
		<item id="15425" chance="25000"/> <!-- deepling warts -->
		<item id="7591" chance="25000"/> <!-- great health potion -->
		<item id="13870" chance="20000"/><!-- eye of a deepling -->
		<item id="7590" chance="20000"/><!-- great mana potion -->
		<item id="15488" chance="20000"/><!-- deepling filet -->
		<item id="15452" chance="20000"/><!-- deepling ridge -->
		<item id="15426" chance="20000"/><!-- deeptags -->
		<item id="15649" countmax="5" chance="20000"/> <!-- vortex bolt -->
		<item id="2168" chance="4545"/> <!-- life ring -->
		<item id="2149" chance="4545"/> <!-- small emerald -->
		<item id="13838" chance="3703"/> <!-- heavy trident -->
		<item id="5895" chance="1639"/><!-- fish fin -->
		<item id="15453" chance="1234"/><!-- warrior's shield -->
		<item id="15451" chance="826"/><!-- warrior's axe -->
	</loot>
</monster>
