<?xml version="1.0" encoding="UTF-8"?>
<monster name="Deepling Spellsinger" nameDescription="a deepling spellsinger" race="blood" experience="1000" speed="560" manacost="0">
	<health now="850" max="850"/>
	<look type="443" corpse="15209"/>
	<targetchange interval="5000" chance="8"/>
	<strategy attack="90" defense="10"/>
	<flags>
		<flag summonable="0"/>
		<flag attackable="1"/>
		<flag hostile="1"/>
		<flag illusionable="1"/>
		<flag convinceable="0"/>
		<flag pushable="1"/>
		<flag canpushitems="1"/>
		<flag canpushcreatures="1"/>
		<flag targetdistance="0"/>
		<flag staticattack="90"/>
		<flag runonhealth="60"/>
	</flags>
	<attacks>
		<attack name="melee" interval="2000" skill="80" attack="120"/>
		<attack name="speed" interval="1000" chance="17" range="7" radius="4" target="1" speedchange="-600" duration="1500">
		</attack>
		<attack name="ice" interval="2000" chance="21" range="6" radius="2" target="1" min="-130" max="-350">
			<attribute key="shootEffect" value="smallice"/>
			<attribute key="areaEffect" value="giantice"/>
		</attack>
		<attack name="manadrain" interval="2000" chance="15" range="7" min="-60" max="-120"> 
			<attribute key="shootEffect" value="earth"/>
			<attribute key="areaeffect" value="carniphila"/>	
		</attack>
	</attacks>
	<defenses armor="75" defense="75">    
	</defenses>
	<immunities>
		<immunity ice="1" />
		<immunity drown="1" />
		<immunity fire="1" />
	</immunities>
	<voices interval="3000" chance="200">
		<voice sentence="Jey Obu giotja!!"/>
		<voice sentence="Mmmmmoooaaaaaahaaa!!"/>
	</voices>
	<elements>
		<element earthPercent="-20"/>
		<element energyPercent="-20"/>
		<element deathPercent="50"/>
	</elements>
	<loot>
		<item id="2152" chance="50000"/> <!-- platinum coin -->
		<item id="2148" countmax="60" chance="50000"/> <!-- gold coin -->
		<item id="15421" chance="14285"/><!-- spellsinger's seal -->
		<item id="15488" chance="14285"/><!-- deepling filet -->
		<item id="15422" chance="10000"/><!-- key to the drowned library -->
		<item id="2667" countmax="2" chance="3448"/> <!-- fish -->
		<item id="2146" countmax="3" chance="2854"/><!-- small sapphire -->
		<item id="13870" chance="2500"/><!-- eye of a deepling -->
		<item id="2168" chance="2439"/> <!-- life ring -->
		<item id="15400" chance="2000"/> <!-- deepling staff -->
		<item id="15403" chance="813"/> <!-- necklace of the deep -->
		<item id="5895" chance="568"/><!-- fish fin -->
		<item id="15644" chance="189"/> <!-- ornate crossbow -->
	</loot>
</monster>
