<?xml version="1.0" encoding="UTF-8"?>
<monster name="Deepling Worker" nameDescription="a deepling worker" race="blood" experience="130 " speed="560" manacost="0">
	<health now="190" max="190"/>
	<look type="470" corpse="15497"/>
	<targetchange interval="2000" chance="50"/>
	<strategy attack="100" defense="0"/>
	<flags>
		<flag summonable="0"/>
		<flag attackable="1"/>
		<flag hostile="1"/>
		<flag illusionable="0"/>
		<flag convinceable="0"/>
		<flag pushable="1"/>
		<flag canpushitems="1"/>
		<flag canpushcreatures="1"/>
		<flag targetdistance="0"/>
		<flag runonhealth="60"/>
	</flags>
	<attacks>
		<attack name="melee" interval="2000" skill="20" attack="30"/>
		<attack name="physical" interval="1000" chance="10" range="7" min="-5" max="-40">
			<attribute key="shootEffect" value="throwingknife"/>
		</attack>
	</attacks>
	<defenses armor="11" defense="11"/>
	<immunities>
		<immunity ice="1" />
		<immunity paralyze="1" />
		<immunity drown="1" />
		<immunity fire="1" />
	</immunities>
	<voices interval="3000" chance="200">
		<voice sentence="Njaaarh!!"/>
		<voice sentence="Begjone, intrjuder!!"/>
		<voice sentence="Djon't djare stjare injo the eyes of the djeep!"/>
		<voice sentence="Ljeave this sjacred pljace while you cjan"/>
	</voices>
	<elements>
		<element earthPercent="-20"/>
		<element energyPercent="-20"/>
		<element physicalPercent="-20"/>
		<element deathPercent="-20"/>
	</elements>
	<loot>
		<item id="2148" countmax="25" chance="100000"/> <!-- gold coin -->
		<item id="2667" countmax="3" chance="12500"/> <!-- hunting spear -->
		<item id="15430" chance="6250"/> <!-- deepling scales -->
		<item id="13838" chance="787"/> <!-- heavy trident -->
		<item id="5895" chance="393"/><!-- fish fin -->
		<item id="13870" chance="263"/><!-- eye of a deepling -->
	</loot>
</monster>
