<?xml version="1.0" encoding="UTF-8"?>
<monster name="Gnarlhound" nameDescription="a gnarlhound" race="blood" experience="60" speed="410" manacost="465">
<health now="198" max="198"/>
<look type="341" corpse="11250"/>
<targetchange interval="2000" chance="10"/>
<strategy attack="100" defense="0"/>
	<flags>
		<flag summonable="1"/>
		<flag attackable="1"/>
		<flag hostile="1"/>
		<flag illusionable="1"/>
		<flag convinceable="1"/>
		<flag pushable="0"/>
		<flag canpushitems="1"/>
		<flag canpushcreatures="0"/>
		<flag targetdistance="1"/>
		<flag staticattack="90"/>
		<flag runonhealth="0"/>
	</flags>
	<attacks>
		<attack name="melee" interval="2000" skill="20" attack="24"/>
	</attacks>
	<defenses armor="1" defense="3"/>
	<voices interval="2000" chance="10">
		<voice sentence="Gnarllll!"/>
		<voice sentence="Grrrrrr!"/>
	</voices>
	<loot>
		<item id="2666" countmax="3" chance="39075" /><!-- meat -->
		<item id="3976" countmax="3" chance="33300" /><!-- worm -->
		<item id="11324" chance="20650" /><!-- shaggy tail -->
	</loot>
</monster>
