<?xml version="1.0" encoding="UTF-8"?>
<monster name="Thornfire Wolf" nameDescription="a thornfire wolf" race="energy" experience="200" speed="360" manacost="0">
	<health now="600" max="600"/>
	<look type="414" corpse="13859"/>
	<targetchange interval="5000" chance="8"/>
	<strategy attack="100" defense="0"/>
	<flags>
		<flag summonable="0"/>
		<flag attackable="1"/>
		<flag hostile="1"/>
		<flag illusionable="0"/>
		<flag convinceable="0"/>
		<flag pushable="0"/>
		<flag canpushitems="1"/>
		<flag canpushcreatures="1"/>
		<flag targetdistance="1"/>
		<flag staticattack="90"/>
		<flag runonhealth="0"/>
	</flags>
	<attacks>
      <attack name="melee" interval="2000" min="-15" max="-80"/>
			<attack name="physical" interval="2000" chance="10" range="1" target="1" min="-35" max="-70">
		<attribute key="areaEffect" value="explosionarea"/>
		</attack>
		    <attack name="fire" interval="2000" chance="22" range="7" radius="4" target="1" min="-0" max="-0">
      <attribute key="shootEffect" value="fire"/>
      <attribute key="areaEffect" value="firearea"/>
				</attack>
	</attacks>
	<defenses armor="40" defense="45">
		<defense name="healing" interval="1000" chance="20" min="100" max="220">
			<attribute key="areaEffect" value="blueshimmer"/>
		</defense>
	</defenses>
	<elements>
		<element earthPercent="100"/>
		<element holyPercent="100"/>
		<element firePercent="100"/>
		<element energyPercent="100"/>
		<element physicalPercent="100"/>
		<element icePercent="1"/>
		<element deathPercent="100"/>
	</elements>
	<immunities>
		<immunity invisible="1"/>
		<immunity paralyze="1"/>
	</immunities>
	<loot>
		<item id="2148" countmax="70" chance="34000"/><!-- gold coin -->
		<item id="2148" countmax="61" chance="34000"/><!-- gold coin -->
	</loot>
</monster>
