<?xml version="1.0" encoding="UTF-8"?>
<channels>
	<channel id="1" name="Staff" access="3"/>
	<channel id="2" name="Counselor" access="1"/>
	<channel id="3" name="Rule Violations" logged="yes" access="4"/>
	<channel id="4" name="Game-Chat" level="2"/>
	<channel id="5" name="Trade" level="2" muted="120" conditionId="3" conditionMessage="You may only place one offer in two minutes."/>
	<channel id="6" name="RL-Chat" level="2"/>
	<channel id="7" name="Help" logged="yes"/>
	<channel id="65535" name="Private Chat Channel"/>
</channels>
