<?xml version="1.0" encoding="UTF-8"?>
<monster name="Bane Bringer" nameDescription="a bane bringer" experience="400" speed="260" race="undead" manacost="0">
	<health now="2500" max="2500"/>
	<look type="310" corpse="9867"/>
	<targetchange speed="0" chance="8"/>
	<strategy attack="100" defense="0"/>
	<flags>
		<flag summonable="0"/>
		<flag attackable="1"/>
		<flag hostile="1"/>
		<flag illusionable="0"/>
		<flag convinceable="0"/>
		<flag pushable="0"/>
		<flag canpushitems="1"/>
		<flag canpushcreatures="1"/>
		<flag targetdistance="1"/>
		<flag staticattack="90"/>
		<flag runonhealth="0"/>
	</flags>
	<attacks>
		<attack name="melee" interval="2000" skill="40" attack="60" range="1"/>
	</attacks>
	<defenses armor="50" defense="55"/>
	<elements>
		<element holyPercent="-50"/>
		<element deathPercent="-90"/>
		<element firePercent="-80"/>
		<element energyPercent="-80"/>
		<element icePercent="-80"/>
		<element earthPercent="-80"/>
		<element physicalPercent="10"/>
	</elements>
	<immunities>
		<immunity invisible="1"/>
	</immunities>
	<voices interval="5000" chance="30">
		<voice sentence="You shall not succeed!"/>
		<voice sentence="This time we will prevail!"/>
	</voices>
	<loot>
		<item id="12969" chance="100000"/><!-- dry piece of wood -->
		<item id="2250" countmax="96" chance="14285"/><!-- wooden trash -->
	</loot>
</monster>
