<?xml version="1.0" encoding="UTF-8"?>
<monster name="Defiler" nameDescription="a defiler" race="venom" experience="3700" speed="260" manacost="0">
	<health now="3650" max="3650"/>
	<look type="238" corpse="6532"/>
	<targetchange interval="5000" chance="8"/>
	<strategy attack="100" defense="0"/>
	<flags>
		<flag summonable="0"/>
		<flag attackable="1"/>
		<flag hostile="1"/>
		<flag illusionable="1"/>
		<flag convinceable="0"/>
		<flag pushable="0"/>
		<flag canpushitems="1"/>
		<flag canpushcreatures="1"/>
		<flag targetdistance="1"/>
		<flag staticattack="90"/>
		<flag runonhealth="0"/>
	</flags>
	<attacks>
		<attack name="melee" interval="2000" skill="50" attack="80"/>
		<attack name="speed" interval="1000" chance="12" radius="6" target="0" speedchange="-400" duration="10000">
			<attribute key="areaEffect" value="poison"/>
		</attack>
		<attack name="physical" interval="2000" chance="17" range="7" min="-250" max="-450">
			<attribute key="shootEffect" value="poison"/>
		</attack>
		</attacks>
	<defenses armor="15" defense="15">
		<defense name="healing" interval="1000" chance="50" min="75" max="225">
			<attribute key="areaEffect" value="blueshimmer"/>
		</defense>
	</defenses>
	<elements>
		<element energyPercent="10"/>
		<element icePercent="20"/>
		<element firePercent="-25"/>
	</elements>
	<immunities>
		<immunity earth="1"/>
		<immunity paralyze="1"/>
		<immunity invisible="1"/>
	</immunities>
	<voices interval="5000" chance="10">
		<voice sentence="Blubb"/>
		<voice sentence="Blubb Blubb"/>
	</voices>
	<loot>
		<item id="2148" countmax="100" chance="100000"/><!-- gold coin -->
		<item id="2148" countmax="100" chance="100000"/><!-- gold coin -->
		<item id="2148" countmax="72" chance="100000"/><!-- gold coin -->
		<item id="2152" countmax="6" chance="50000"/><!-- platinum coin -->
		<item id="5944" chance="20000"/><!-- soul orb -->
		<item id="6500" chance="16666"/><!-- demonic essence -->
		<item id="9967" chance="12500"/><!-- glob of acid slime -->
		<item id="9968" chance="10000"/><!-- glob of tar -->
		<item id="2151" chance="7142"/><!-- talon -->
		<item id="2149" countmax="3" chance="6666"/><!-- small emeralds-->
		<item id="2147" countmax="2" chance="4000"/><!-- small rubies -->
		<item id="6300" chance="3030"/><!-- death ring-->
		<item id="2145" countmax="2" chance="2439"/><!-- small diamond -->
		<item id="2156" chance="1538"/><!-- red gem -->
		<item id="2154" chance="1219"/><!-- yellow gem -->
		<item id="2155" chance="613"/><!-- green gem -->
	</loot>
</monster>
