<?xml version="1.0" encoding="UTF-8"?>
	<monster name="Humorless Fungus" nameDescription="a humorless fungus" race="blood" experience="0" speed="240" manacost="0">
	<health now="8000" max="8000"/>
	<look type="517" corpse="0"/>
	<targetchange interval="5000" chance="8"/>
	<strategy attack="100" defense="0"/>
	<flags>
		<flag summonable="0"/>
		<flag attackable="1"/>
		<flag hostile="1"/>
		<flag illusionable="1"/>
		<flag convinceable="0"/>
		<flag pushable="0"/>
		<flag canpushitems="1"/>
		<flag canpushcreatures="1"/>
		<flag targetdistance="3"/>
		<flag staticattack="90"/>
		<flag runonhealth="300"/>
	</flags>
	<attacks>
		<attack name="melee" interval="2000" skill="0" attack="0"/>
		<attack name="fire" interval="2000" chance="15" range="3" radius="10" target="1" min="-1" max="-1">
			<attribute key="areaEffect" value="fireattack"/>
		</attack>
		<attack name="firefield" interval="1000" chance="15" range="7" radius="2" target="1">
			<attribute key="shootEffect" value="fire"/>
		</attack>
		<attack name="ice" interval="2000" chance="50" radius="10" min="-0" max="-10"/>
		<attack name="fire" interval="3000" chance="30" length="8" spread="0" min="-1" max="-1">
			<attribute key="areaEffect" value="fireattack"/>
		</attack>
	</attacks>
	<defenses armor="22" defense="35">
		<defense name="healing" interval="1000" chance="25" min="1000" max="2000">
			<attribute key="areaEffect" value="blueshimmer"/>
		</defense>
	</defenses>
	<elements>
		<element holyPercent="5"/>
		<element firePercent="5"/>
		<element energyPercent="15"/>
		<element icePercent="15"/>
	</elements>
	<immunities>
		<immunity earth="1"/>
		<immunity paralyze="1"/>
		<immunity invisible="1"/>
	</immunities>
	<voices interval="5000" chance="10">
		<voice sentence="Munch munch munch!"/>
		<voice sentence="Chatter"/>
	</voices>
</monster>