<?xml version="1.0" encoding="UTF-8"?>
<monster name="Leaf Golem" nameDescription="leaf golem" race="blood" experience="45" speed="470" manacost="0">
  <health now="90" max="90"/>
  <look type="567" corpse="21358"/>
  <targetchange interval="5000" chance="8"/>
  <strategy attack="90" defense="10"/>
  <flags>
    <flag summonable="0"/>
    <flag attackable="1"/>
    <flag hostile="1"/>
    <flag illusionable="0"/>
    <flag convinceable="0"/>
    <flag pushable="0"/>
    <flag canpushitems="1"/>
    <flag canpushcreatures="1"/>
    <flag targetdistance="1"/>
    <flag staticattack="90"/>
    <flag runonhealth="0"/>
  </flags>
  <attacks>
    <attack name="melee" interval="1500" skill="80" attack="90"/>	
  </attacks>
  <defenses armor="75" defense="75">    
  </defenses>
	<elements>		
		<element energyPercent="-10"/>				
		<element firePercent="+10"/>
	</elements>
  <immunities>
    <immunity earth="1"/>
    <immunity lifedrain="0"/>
    <immunity paralyze="100"/>
    <immunity invisible="100"/>
  </immunities>   
  <loot>
  	
</loot>
</monster>
