<?xml version="1.0" encoding="UTF-8"?>
<monster name="Wilting Leaf Golem" nameDescription="a wilting leaf golem" race="blood" experience="145" speed="210" manacost="390">
	<health now="380" max="380"/>
	<look type="460" corpse="15385"/>
	<targetchange interval="5000" chance="8"/>
	<strategy attack="100" defense="0"/>
	<flags>
		<flag summonable="1"/>
		<flag attackable="1"/>
		<flag hostile="1"/>
		<flag illusionable="1"/>
		<flag convinceable="1"/>
		<flag pushable="0"/>
		<flag canpushitems="1"/>
		<flag canpushcreatures="0"/>
		<flag targetdistance="4"/>
		<flag staticattack="90"/>
		<flag runonhealth="10"/>
	</flags>
	<attacks>
		<attack name="melee" interval="2000" skill="20" attack="30"/>
		<attack name="physical" interval="1000" chance="10" range="7" min="-5" max="-40">
			<attribute key="shootEffect" value="throwingknife"/>
		</attack>
	</attacks>
	<defenses armor="11" defense="11"/>
</monster>
