﻿<?xml version="1.0" encoding="utf-8"?>
<monster name="bad bug" namedescription="a bad bug" race="venom" experience="18" speed="240" manacost="250">
	<health now="29" max="29"/>
	<look type="45" head="20" body="30" legs="40" feet="50" corpse="5990"/>
	<targetchange interval="2000" chance="0"/>
	<strategy attack="100" defense="0"/>
	<flags>
		<flag summonable="1"/>
		<flag attackable="1"/>
		<flag hostile="1"/>
		<flag illusionable="1"/>
		<flag convinceable="1"/>
		<flag pushable="1"/>
		<flag canpushitems="0"/>
		<flag canpushcreatures="0"/>
		<flag targetdistance="1"/>
		<flag staticattack="90"/>
		<flag runonhealth="0"/>
		<flag skull="red"/>
</flags>
	<attacks>
		<attack name="melee" interval="2000" skill="23" attack="9"/>
	</attacks>
	<defenses armor="2" defense="3"/>
	<elements>
	<element firePercent="-10"/>
	</elements>
	<loot>
		<item id="3976" countmax="10" chance="50000"/>
		<item id="2148" countmax="4" chance="100000"/>
		<item id="2679" countmax="3" chance="50000"/>
	</loot>
</monster>
