<?xml version="1.0" encoding="UTF-8"?>
<monster name="cave rat" nameDescription="a cave rat" race="blood" experience="10" speed="150" manacost="250">
	<health now="30" max="30"/>
	<look type="56" corpse="2813"/>
	<targetchange interval="1000" chance="0"/>
	<flags>
		<flag attackable="1"/>
		<flag hostile="1"/>
		<flag summonable="1"/>
		<flag convinceable="1"/>
		<flag illusionable="1"/>
		<flag pushable="1"/>
		<flag canpushitems="0"/>
		<flag canpushcreatures="0"/>
		<flag targetdistance="1"/>
		<flag staticattack="90"/>
		<flag runonhealth="3"/>
	</flags>
	<attacks>
		<attack name="melee" interval="2000" skill="18" attack="8"/>
	</attacks>
	<defenses armor="1" defense="4">
	</defenses>
	<elements>
	</elements>
	<immunities>
	</immunities>
	<voices interval="2000" chance="5">
		<voice sentence="Meep!"/>
		<voice sentence="Meeeeep!"/>
	</voices>
	<loot>
		<item id="3976" chance="50000" countmax="3"/><!-- 3 50%  worm -->
		<item id="2687" chance="2000"/><!-- 2% cookie --> 
		<item id="2148" chance="85000" countmax="2"/><!-- 2 85% gold -->
		<item id="2696" chance="60000"/><!-- 60% cheese -->
	</loot>
</monster>