<?xml version="1.0" encoding="UTF-8"?>
<monster name="chicken" nameDescription="a chicken" race="blood" experience="0" speed="128" manacost="220">
	<health now="15" max="15"/>
	<look type="111" corpse="4265"/>
	<targetchange interval="1000" chance="0"/>
	<flags>
		<flag attackable="1"/>
		<flag hostile="0"/>
		<flag summonable="1"/>
		<flag convinceable="1"/>
		<flag illusionable="1"/>
		<flag pushable="1"/>
		<flag canpushitems="0"/>
		<flag canpushcreatures="0"/>
		<flag targetdistance="1"/>
		<flag staticattack="90"/>
		<flag runonhealth="15"/>
	</flags>
	<attacks>
		<attack name="melee" interval="2000" skill="0" attack="0"/>
	</attacks>
	<defenses armor="1" defense="2">
	</defenses>
	<elements>
	</elements>
	<immunities>
	</immunities>
	<voices interval="2000" chance="5">
		<voice sentence="Gokgoooook"/>
		<voice sentence="Cluck Cluck"/>
	</voices>
	<loot>
		<item id="2666" chance="4000" countmax="2"/><!-- 2 4% meat -->
		<item id="2695" chance="2000"/><!-- 2% egg -->
		<item id="3976" chance="60000" countmax="3"/><!-- 3 60% worm -->
	</loot>
</monster>