<?xml version="1.0" encoding="UTF-8"?>
<monster name="dworc fleshhunter" nameDescription="a dworc fleshhunter" race="blood" experience="35" speed="148" manacost="300">
	<health now="85" max="85"/>
	<look type="215" corpse="4307"/>
	<targetchange interval="1000" chance="0"/>
	<flags>
		<flag attackable="1"/>
		<flag hostile="1"/>
		<flag summonable="0"/>
		<flag convinceable="1"/>
		<flag illusionable="1"/>
		<flag pushable="1"/>
		<flag canpushitems="0"/>
		<flag canpushcreatures="0"/>
		<flag targetdistance="1"/>
		<flag staticattack="90"/>
		<flag runonhealth="8"/>
	</flags>
	<attacks>
		<attack name="melee" interval="2000" skill="25" attack="17"/>
		<attack name="physical" interval="1000" chance="9" range="7" min="-5" max="-15">
			<attribute key="shootEffect" value="throwingknife"/>
		</attack>
	</attacks>
	<defenses armor="3" defense="8">
	</defenses>
	<elements>
		<element earthPercent="100"/>
	</elements>
	<immunities>
	</immunities>
	<voices interval="2000" chance="5">
		<voice sentence="Grak brrretz!"/>
		<voice sentence="Grow truk grrrrr."/>
		<voice sentence="Prek tars, dekklep zurk."/>
	</voices>
	<loot>
		<item id="1987" chance="100000"><!-- bag -->
			<inside>
				<item id="2050" chance="11000"/><!-- 11% torch -->
				<item id="2541" chance="2000"/><!-- 2% bone shield -->
				<item id="3964" chance="300"/><!-- 0.1% ripper lance -->
				<item id="3965" chance="1000"/><!-- 1% hunting spear -->
				<item id="2411" chance="4000"/><!-- 4% poison dagger -->
			</inside>
		</item>
		<item id="2467" chance="22000"/><!-- 22% leather armor -->
		<item id="3967" chance="1000"/><!-- 1% tribal mask -->
		<item id="2568" chance="18000"/><!-- 18% cleaver -->
		<item id="2229" chance="6000" countmax="3"/><!-- 3 6% skull -->
		<item id="2148" chance="80000" countmax="10"/><!-- 10 80% gold coin -->
	</loot>
</monster>