<?xml version="1.0" encoding="UTF-8"?>
<monster name="goblin" nameDescription="a goblin" race="blood" experience="25" speed="120" manacost="290">
	<health now="50" max="50"/>
	<look type="61" corpse="2940"/>
	<targetchange interval="1000" chance="0"/>
	<flags>
		<flag attackable="1"/>
		<flag hostile="1"/>
		<flag summonable="1"/>
		<flag convinceable="1"/>
		<flag illusionable="1"/>
		<flag pushable="1"/>
		<flag canpushitems="0"/>
		<flag canpushcreatures="0"/>
		<flag targetdistance="1"/>
		<flag staticattack="90"/>
		<flag runonhealth="15"/>
	</flags>
	<attacks>
		<attack name="melee" interval="2000" skill="15" attack="10"/>
		<attack name="physical" interval="1000" chance="9" range="7" min="-15" max="-25">
			<attribute key="shootEffect" value="smallstone"/>
		</attack>
	</attacks>
	<defenses armor="6" defense="8">
	</defenses>
	<elements>
	</elements>
	<immunities>
	</immunities>
	<voices interval="2000" chance="5">
		<voice sentence="Me have him!"/>
		<voice sentence="Zig Zag! Gobo attack!"/>
		<voice sentence="Help! Goblinkiller!"/>
		<voice sentence="Bugga! Bugga!"/>
		<voice sentence="Me green, me mean!"/>
	</voices>
	<loot>
		<item id="1987" chance="100000"><!-- bag -->
			<inside>
				<item id="2379" chance="36000"/><!-- 36% dagger -->
				<item id="2406" chance="18000"/><!-- 18% short sword -->
				<item id="2449" chance="10000"/><!-- 10% bone club -->
			</inside>
		</item>
		<item id="2467" chance="15000"/><!-- 15% leather armor -->
		<item id="2461" chance="20000"/><!-- 20% leather helmet -->
		<item id="1294" chance="60000" countmax="3"/><!-- 3 60% small stone -->
		<item id="2230" chance="24000"/><!-- 24% bone -->
		<item id="2235" chance="14000"/><!-- 14% moldy cheese -->
		<item id="2559" chance="20000"/><!-- 20% small axe -->
		<item id="2148" chance="50000" countmax="9"/><!-- 9 50% gold coin -->
		<item id="2667" chance="26000"/><!-- 26% fish -->
	</loot>
</monster>