<?xml version="1.0" encoding="UTF-8"?>
<monster name="hydra" nameDescription="a hydra" race="blood" experience="2100" speed="200" manacost="0">
	<health now="2250" max="2250"/>
	<look type="121" corpse="4283"/>
	<targetchange interval="1000" chance="5"/>
	<flags>
		<flag attackable="1"/>
		<flag hostile="1"/>
		<flag summonable="0"/>
		<flag convinceable="0"/>
		<flag illusionable="1"/>
		<flag pushable="0"/>
		<flag canpushitems="1"/>
		<flag canpushcreatures="1"/>
		<flag targetdistance="1"/>
		<flag staticattack="90"/>
		<flag runonhealth="300"/>
	</flags>
	<attacks>
		<attack name="melee" interval="2000" skill="71" attack="56"/>
		<attack name="speed" interval="1000" chance="13" range="7" radius="4" target="1" speedchange="-600" duration="15000">
		<!--<attack name="speed" interval="1000" chance="17" range="7" radius="4" target="1" speedchange="-160" duration="15000">-->
			<attribute key="shootEffect" value="poison"/>
			<attribute key="areaEffect" value="greenbubble"/>
		</attack>
		<attack name="physical" interval="1000" chance="15" length="8" spread="3" min="-100" max="-200">
			<attribute key="areaEffect" value="bluebubble"/>
		</attack>
		<attack name="poison" interval="1000" chance="12" length="8" spread="3" min="-60" max="-300">
			<attribute key="areaEffect" value="poison"/>
		</attack>
	</attacks>
	<defenses armor="27" defense="45">
		<defense name="healing" interval="1000" chance="34" min="200" max="400">
			<attribute key="areaEffect" value="blueshimmer"/>
		</defense>
	</defenses>
	<elements>
		<element earthPercent="100"/>
	</elements>
	<immunities>
		<immunity lifedrain="1"/>
		<immunity paralyze="1"/>
		<immunity invisible="1"/>
	</immunities>
	<voices interval="2000" chance="5">
		<voice sentence="FCHHHHH" yell="1"/>
		<voice sentence="HISSSS" yell="1"/>
	</voices>
	<loot>
		<item id="1987" chance="100000"><!-- bag -->
			<inside>
				<item id="2536" chance="300"/><!-- 0.1% medusa shield -->
				<item id="2197" chance="1600"/><!-- 1.6% stone skin amulet -->
				<item id="2214" chance="2400"/><!-- 2.4% ring of healing -->
			</inside>
		</item>
		<item id="2476" chance="2000"/><!-- 2% knight armor -->
		<item id="2475" chance="2000"/><!-- 2% warrior helmet -->
		<item id="2498" chance="300"/><!-- 0.2% royal helmet -->
		<item id="2195" chance="300"/><!-- 0.1% boots of haste -->
		<item id="2146" chance="10000"/><!-- 10% small sapphire -->
		<item id="4850" chance="1800"/><!-- 1.8% hydra egg -->
		<item id="2177" chance="1200"/><!-- 1.2% life crystal -->
		<item id="2148" chance="80000" countmax="50"/><!-- 50 80% gold coin -->
		<item id="2148" chance="60000" countmax="100"/><!-- 100 60% gold coin -->
		<item id="2148" chance="80000" countmax="100"/><!-- 100 80% gold coin -->
		<item id="2666" chance="90000" countmax="4"/><!-- 4 90% meat -->
		<item id="2671" chance="60000" countmax="3"/><!-- 3 60% ham -->
	</loot>
</monster>