<?xml version="1.0" encoding="UTF-8"?>
<monster name="mummy" nameDescription="a mummy" race="undead" experience="150" speed="150" manacost="510">
	<health now="240" max="240"/>
	<look type="65" corpse="2949"/>
	<targetchange interval="1000" chance="0"/>
	<flags>
		<flag attackable="1"/>
		<flag hostile="1"/>
		<flag summonable="0"/>
		<flag convinceable="0"/>
		<flag illusionable="1"/>
		<flag pushable="0"/>
		<flag canpushitems="1"/>
		<flag canpushcreatures="0"/>
		<flag targetdistance="1"/>
		<flag staticattack="90"/>
		<flag runonhealth="0"/>
	</flags>
	<attacks>
		<attack name="melee" interval="2000" skill="50" attack="32" poison="65"/>
		<attack name="lifedrain" interval="1000" chance="15" range="1" min="-30" max="-40"/>
		<attack name="speed" interval="1000" chance="8" range="7" speedchange="-600" duration="10000">
		<!--<attack name="speed" interval="1000" chance="8" range="7" speedchange="-160" duration="10000">-->
			<attribute key="areaEffect" value="redshimmer"/>
		</attack>
	</attacks>
	<defenses armor="14" defense="32">
	</defenses>
	<elements>
		<element earthPercent="100"/>
	</elements>
	<immunities>
		<immunity lifedrain="1"/>
		<immunity paralyze="1"/>
		<immunity invisible="1"/>
	</immunities>
	<voices interval="2000" chance="5">
		<voice sentence="I will ssswallow your sssoul!"/>
		<voice sentence="Ahkahra exura belil mort!"/>
		<voice sentence="Yohag Sssetham!"/>
		<voice sentence="I will tassste life again!"/>
		<voice sentence="Mort ulhegh dakh visss."/>
		<voice sentence="Flesssh to dussst!"/>
	</voices>
	<loot>
		<item id="1987" chance="100000"><!-- bag -->
			<inside>
				<item id="2411" chance="5000"/><!-- 5% poison dagger -->
				<item id="2406" chance="16000"/><!-- 16% short sword -->
				<item id="2529" chance="300"/><!-- 0.2% black shield -->
				<item id="2170" chance="300"/><!-- 0.1% silver amulet -->
				<item id="2161" chance="10000"/><!-- 10% strange talisman -->
				<item id="2162" chance="32000"/><!-- 32% magic lightwand -->
			</inside>
		</item>
		<item id="2134" chance="8000"/><!-- 8% silver brooch -->
		<item id="2124" chance="3000"/><!-- 3% crystal ring -->
		<item id="2144" chance="2000"/><!-- 2% black pearl -->
		<item id="3976" chance="70000" countmax="3"/><!-- 3 70% worm -->
		<item id="2148" chance="80000" countmax="80"/><!-- 80 80% gold coin -->
	</loot>
</monster>