<?xml version="1.0" encoding="UTF-8"?>
<monster name="orc warrior" nameDescription="an orc warrior" race="blood" experience="50" speed="190" manacost="360">
	<health now="125" max="125"/>
	<look type="7" corpse="2862"/>
	<targetchange interval="1000" chance="0"/>
	<flags>
		<flag attackable="1"/>
		<flag hostile="1"/>
		<flag summonable="1"/>
		<flag convinceable="1"/>
		<flag illusionable="1"/>
		<flag pushable="1"/>
		<flag canpushitems="0"/>
		<flag canpushcreatures="0"/>
		<flag targetdistance="1"/>
		<flag staticattack="90"/>
		<flag runonhealth="10"/>
	</flags>
	<attacks>
		<attack name="melee" interval="2000" skill="42" attack="19"/>
	</attacks>
	<defenses armor="8" defense="14">
	</defenses>
	<elements>
	</elements>
	<immunities>
	</immunities>
	<voices interval="2000" chance="5">
		<voice sentence="Grow truk grrrr."/>
		<voice sentence="Trak grrrr brik."/>
		<voice sentence="Alk!"/>
	</voices>
	<loot>
		<item id="1987" chance="100000"><!-- bag -->
			<inside>
				<item id="2385" chance="50000"/><!-- 50% sabre -->
				<item id="2411" chance="300"/><!-- 0.1% poison dagger -->
				<item id="2512" chance="36000"/><!-- 36% wooden shield -->
				<item id="2530" chance="1000"/><!-- 1% copper shield -->
			</inside>
		</item>
		<item id="2464" chance="15000"/><!-- 15% chain armor -->
		<item id="2007" chance="14000"/><!-- 14% bottle -->
		<item id="2148" chance="65000" countmax="15"/><!-- 15 65% gold coin -->
		<item id="2666" chance="15000"/><!-- 30% meat -->
	</loot>
</monster>