<?xml version="1.0" encoding="UTF-8"?>
<monster name="orc shaman" nameDescription="an orc shaman" race="blood" experience="110" speed="140" manacost="0">
	<health now="115" max="115"/>
	<look type="6" corpse="2860"/>
	<targetchange interval="1000" chance="50"/>
	<flags>
		<flag attackable="1"/>
		<flag hostile="1"/>
		<flag summonable="0"/>
		<flag convinceable="0"/>
		<flag illusionable="1"/>
		<flag pushable="0"/>
		<flag canpushitems="0"/>
		<flag canpushcreatures="0"/>
		<flag targetdistance="4"/>
		<flag staticattack="90"/>
		<flag runonhealth="15"/>
	</flags>
	<attacks>
		<attack name="melee" interval="2000" skill="20" attack="13"/>
		<attack name="energy" interval="1000" chance="13" range="7" min="-20" max="-30">
			<attribute key="shootEffect" value="energy"/>
			<attribute key="areaEffect" value="energy"/>
		</attack>
		<attack name="fire" interval="1000" chance="8" range="7" radius="1" target="1" min="-5" max="-45">
			<attribute key="shootEffect" value="fire"/>
			<attribute key="areaEffect" value="firearea"/>
		</attack>
	</attacks>
	<defenses armor="8" defense="10">
		<defense name="healing" interval="1000" chance="25" min="27" max="43">
			<attribute key="areaEffect" value="blueshimmer"/>
		</defense>
	</defenses>
	<summons maxSummons="4">
		<summon name="snake" interval="1000" chance="25" max="4"/>
	</summons>
	<elements>
		<element earthPercent="100"/>
		<element energyPercent="100"/>
	</elements>
	<immunities>
		<immunity invisible="1"/>
	</immunities>
	<voices interval="2000" chance="5">
		<voice sentence="Grak brrretz gulu."/>
		<voice sentence="Huumans stinkk!"/>
	</voices>
	<loot>
		<item id="1987" chance="100000"><!-- bag -->
			<inside>
				<item id="2389" chance="20000"/><!-- 20% spear -->
				<item id="2401" chance="14000"/><!-- 14% staff -->
				<item id="2188" chance="2000"/><!-- 2% wand of plague -->
				<item id="1958" chance="9000"/><!-- 9% grey small book -->
			</inside>
		</item>
		<item id="2464" chance="18000"/><!-- 18% chain armor -->
		<item id="2458" chance="18000"/><!-- 18% chain helmet -->
		<item id="1987" chance="22000"/><!-- 22% bag -->
		<item id="2148" chance="90000" countmax="5"/><!-- 5 90% gold coin -->
		<item id="2686" chance="22000" countmax="2"/><!-- 2 22% corncob -->
	</loot>
</monster>