<?xml version="1.0" encoding="UTF-8"?>
<monster name="skeleton" nameDescription="a skeleton" race="undead" experience="35" speed="154" manacost="300">
	<health now="50" max="50"/>
	<look type="33" corpse="2843"/>
	<targetchange interval="1000" chance="0"/>
	<flags>
		<flag attackable="1"/>
		<flag hostile="1"/>
		<flag summonable="1"/>
		<flag convinceable="1"/>
		<flag illusionable="1"/>
		<flag pushable="1"/>
		<flag canpushitems="0"/>
		<flag canpushcreatures="0"/>
		<flag targetdistance="1"/>
		<flag staticattack="5"/>
		<flag runonhealth="0"/>
	</flags>
	<attacks>
		<attack name="melee" interval="2000" skill="18" attack="14"/>
		<attack name="lifedrain" interval="1000" chance="9" range="1" min="-7" max="-13"/>
	</attacks>
	<defenses armor="2" defense="9">
	</defenses>
	<elements>
		<element earthPercent="100"/>
	</elements>
	<immunities>
		<immunity lifedrain="1"/>
	</immunities>
	<voices interval="2000" chance="5">
	</voices>
	<loot>
		<item id="1987" chance="100000"><!-- bag -->
			<inside>
			<item id="2511" chance="24000"/><!-- 24% brass shield -->
			<item id="2398" chance="40000"/><!-- 40% mace -->
			<item id="2388" chance="50000"/><!-- 50% hatchet -->
			<item id="2376" chance="4000"/><!-- 4% sword -->
			<item id="2050" chance="50000"/><!-- 50% torch -->
			</inside>
		</item>
		<item id="2473" chance="16000"/><!-- 16% viking helmet -->
		<item id="2230" chance="50000"/><!-- 50% bone -->
		<item id="2148" chance="45000" countmax="10"/><!-- 10 45% gold coin -->
	</loot>
</monster>