<?xml version="1.0" encoding="UTF-8"?>
<monster name="tiger" nameDescription="a tiger" race="blood" experience="40" speed="200" manacost="420">
	<health now="75" max="75"/>
	<look type="125" head="0" body="0" legs="0" feet="0" corpse="4292"/>
	<targetchange interval="1000" chance="5"/>
	<flags>
		<flag attackable="1"/>
		<flag hostile="1"/>
		<flag summonable="1"/>
		<flag convinceable="1"/>
		<flag illusionable="1"/>
		<flag pushable="0"/>
		<flag canpushitems="1"/>
		<flag canpushcreatures="1"/>
		<flag targetdistance="1"/>
		<flag staticattack="90"/>
		<flag runonhealth="0"/>
	</flags>
	<attacks>
		<attack name="melee" interval="2000" skill="42" attack="15"/>
	</attacks>
	<defenses armor="5" defense="15">
	</defenses>
	<elements>
	</elements>
	<immunities>
	</immunities>
	<voices interval="2000" chance="5">
	</voices>
	<loot>
		<item id="2666" chance="55000" countmax="3"/><!-- 3 55% meat -->
		<item id="2671" chance="44000" countmax="2"/><!-- 2 44% ham -->
	</loot>
</monster>