<?xml version="1.0" encoding="UTF-8"?>
<monster name="winter wolf" nameDescription="a winter wolf" race="blood" experience="20" speed="170" manacost="260">
	<health now="30" max="30"/>
	<look type="52" corpse="2924"/>
	<targetchange interval="1000" chance="0"/>
	<flags>
		<flag attackable="1"/>
		<flag hostile="1"/>
		<flag summonable="1"/>
		<flag convinceable="1"/>
		<flag illusionable="1"/>
		<flag pushable="1"/>
		<flag canpushitems="0"/>
		<flag canpushcreatures="0"/>
		<flag targetdistance="1"/>
		<flag staticattack="90"/>
		<flag runonhealth="0"/>
	</flags>
	<attacks>
		<attack name="melee" interval="2000" skill="21" attack="13"/>
	</attacks>
	<defenses armor="2" defense="6">
	</defenses>
	<elements>
	</elements>
	<immunities>
	</immunities>
	<voices interval="2000" chance="5">
	</voices>
	<loot>
		<item id="2666" chance="60000" countmax="2"/><!-- 60% meat -->
	</loot>
</monster>