<?xml version="1.0" encoding="UTF-8"?>
<monster name="wolf" nameDescription="a wolf" race="blood" experience="18" speed="164" manacost="255">
	<health now="25" max="25"/>
	<look type="27" corpse="2826"/>
	<targetchange interval="1000" chance="0"/>
	<flags>
		<flag attackable="1"/>
		<flag hostile="1"/>
		<flag summonable="1"/>
		<flag convinceable="1"/>
		<flag illusionable="1"/>
		<flag pushable="1"/>
		<flag canpushitems="0"/>
		<flag canpushcreatures="0"/>
		<flag targetdistance="1"/>
		<flag staticattack="90"/>
		<flag runonhealth="8"/>
	</flags>
	<attacks>
		<attack name="melee" interval="2000" skill="19" attack="12"/>
	</attacks>
	<defenses armor="1" defense="4">
	</defenses>
	<elements>
	</elements>
	<immunities>
	</immunities>
	<voices interval="2000" chance="5">
	</voices>
	<loot>
		<item id="2666" chance="50000" countmax="2"/><!-- 2 50% meat -->
	</loot>
</monster>