<?xml version="1.0" encoding="UTF-8"?>
<monster name="Frost Giant" nameDescription="a frost giant" race="blood" experience="150" speed="195" manacost="490">
	<health now="270" max="270"/>
	<look type="257" corpse="7330"/>
	<targetchange interval="2000" chance="5"/>
	<strategy attack="100" defense="0"/>
	<flags>
		<flag summonable="0"/>
		<flag attackable="1"/>
		<flag hostile="1"/>
		<flag illusionable="1"/>
		<flag convinceable="1"/>
		<flag pushable="0"/>
		<flag canpushitems="1"/>
		<flag staticattack="50"/>
		<flag lightlevel="0"/>
		<flag lightcolor="0"/>
		<flag targetdistance="1"/>
		<flag runonhealth="0"/>
	</flags>
	<attacks>
		<attack name="melee" interval="2000" skill="45" attack="40"/>
	</attacks>
	<defenses armor="22" defense="23"/>
	<elements>
		<element icePercent="100"/>
	</elements>
	<voices interval="2000" chance="5">
		<voice sentence="Hmm Humansoup"/>
		<voice sentence="Stand still ya tasy snack!"/>
		<voice sentence="Joh Thun!"/>
		<voice sentence="Brore Smode!"/>
		<voice sentence="Horre Sjan Flan!"/>
		<voice sentence="Forle Bramma!"/>
	</voices>
	<loot>
		<item id="2148" countmax="30" chance="100000"/><!-- gold coin -->
		<item id="2666" countmax="2" chance="33333"/><!-- meat -->
		<item id="2671" chance="33333"/><!-- ham -->
		<item id="2406" chance="25000"/><!-- short sword -->
		<item id="7441" chance="3444"/><!-- ice cube -->
		<item id="2510" chance="5333"/><!-- plate shield -->
		<item id="2513" chance="2500"/><!-- battle shield -->
		<item id="2381" chance="1955"/><!-- halberd -->
		<item id="7460" chance="2500"/><!-- norse shield -->
		<item id="2490" chance="2777"/><!-- dark helmet -->
		<item id="2129" chance="1666"/><!-- wolf tooth chain -->
		<item id="7618" chance="1666"/><!-- health potion -->
		<item id="7290" chance="1666"/><!-- shard -->
		<item id="2209" chance="2055"/><!-- club ring -->
	</loot>
</monster>
