<?xml version="1.0" encoding="UTF-8"?>
<mod name="Custom Spells" version="1.0" author="The Forgotten Server" contact="otland.net" enabled="no">
	<!-- Custom Runes -->
	<rune name="Polymorph" id="2270" charges="1" maglv="20" exhaustion="2000" blocktype="solid" allowfaruse="1" event="script" value="customspells/polymorph.lua"/>
	<rune name="Combustion" id="2276" charges="1" maglv="20" exhaustion="2000" blocktype="solid" allowfaruse="1" event="script" value="customspells/combustion.lua"/>
	<rune name="Energy Arrow" id="2281" charges="1" maglv="20" exhaustion="2000" blocktype="solid" allowfaruse="1" event="script" value="customspells/energy wave.lua"/>
	<rune name="Magic Prison" id="2272" charges="1" maglv="20" exhaustion="2000" blocktype="solid" allowfaruse="1" event="script" value="customspells/magic prison.lua"/>
	<rune name="Stealth" id="2283" charges="1" maglv="20" exhaustion="2000" blocktype="solid" allowfaruse="1" event="script" value="customspells/invisible.lua"/>
	<rune name="Drunkness" id="2267" charges="1" maglv="20" exhaustion="2000" blocktype="solid" allowfaruse="1" event="script" value="customspells/drunk.lua"/>

	<!-- Custom Spells -->
	<instant name="Apocalypse" words="exevo mas lux" lvl="40" manapercent="60" exhaustion="2000" needlearn="0" event="script" value="customspells/apocalypse.lua">
		<vocation id="1;5"/>
	</instant>
</mod>